"student","occas","gpa","job","sex","highgpa","admitted","year","semester","occasion"
"1","year 1 semester 1",2.3,"2 hours","female",2.8,"yes",1,"1",1
"1","year 1 semester 2",2.1,"2 hours","female",2.8,"yes",1,"2",2
"1","year 2 semester 1",3,"2 hours","female",2.8,"yes",2,"1",3
"1","year 2 semester 2",3,"2 hours","female",2.8,"yes",2,"2",4
"1","year 3 semester 1",3,"2 hours","female",2.8,"yes",3,"1",5
"1","year 3 semester 2",3.3,"2 hours","female",2.8,"yes",3,"2",6
"2","year 1 semester 1",2.2,"2 hours","male",2.5,"no",1,"1",1
"2","year 1 semester 2",2.5,"3 hours","male",2.5,"no",1,"2",2
"2","year 2 semester 1",2.6,"2 hours","male",2.5,"no",2,"1",3
"2","year 2 semester 2",2.6,"2 hours","male",2.5,"no",2,"2",4
"2","year 3 semester 1",3,"2 hours","male",2.5,"no",3,"1",5
"2","year 3 semester 2",2.8,"2 hours","male",2.5,"no",3,"2",6
"3","year 1 semester 1",2.4,"2 hours","female",2.5,"yes",1,"1",1
"3","year 1 semester 2",2.9,"2 hours","female",2.5,"yes",1,"2",2
"3","year 2 semester 1",3,"2 hours","female",2.5,"yes",2,"1",3
"3","year 2 semester 2",2.8,"3 hours","female",2.5,"yes",2,"2",4
"3","year 3 semester 1",3.3,"2 hours","female",2.5,"yes",3,"1",5
"3","year 3 semester 2",3.4,"2 hours","female",2.5,"yes",3,"2",6
"4","year 1 semester 1",2.5,"3 hours","male",3.8,"no",1,"1",1
"4","year 1 semester 2",2.7,"2 hours","male",3.8,"no",1,"2",2
"4","year 2 semester 1",2.4,"2 hours","male",3.8,"no",2,"1",3
"4","year 2 semester 2",2.7,"2 hours","male",3.8,"no",2,"2",4
"4","year 3 semester 1",2.9,"2 hours","male",3.8,"no",3,"1",5
"4","year 3 semester 2",2.7,"2 hours","male",3.8,"no",3,"2",6
"5","year 1 semester 1",2.8,"2 hours","male",3.1,"yes",1,"1",1
"5","year 1 semester 2",2.8,"2 hours","male",3.1,"yes",1,"2",2
"5","year 2 semester 1",2.8,"2 hours","male",3.1,"yes",2,"1",3
"5","year 2 semester 2",3,"2 hours","male",3.1,"yes",2,"2",4
"5","year 3 semester 1",2.9,"2 hours","male",3.1,"yes",3,"1",5
"5","year 3 semester 2",3.1,"2 hours","male",3.1,"yes",3,"2",6
"6","year 1 semester 1",2.5,"2 hours","female",2.9,"no",1,"1",1
"6","year 1 semester 2",2.4,"3 hours","female",2.9,"no",1,"2",2
"6","year 2 semester 1",2.4,"3 hours","female",2.9,"no",2,"1",3
"6","year 2 semester 2",2.3,"2 hours","female",2.9,"no",2,"2",4
"6","year 3 semester 1",2.7,"3 hours","female",2.9,"no",3,"1",5
"6","year 3 semester 2",2.8,"3 hours","female",2.9,"no",3,"2",6
"7","year 1 semester 1",2.4,"3 hours","male",2.3,"yes",1,"1",1
"7","year 1 semester 2",2.4,"2 hours","male",2.3,"yes",1,"2",2
"7","year 2 semester 1",2.8,"3 hours","male",2.3,"yes",2,"1",3
"7","year 2 semester 2",2.6,"2 hours","male",2.3,"yes",2,"2",4
"7","year 3 semester 1",3,"2 hours","male",2.3,"yes",3,"1",5
"7","year 3 semester 2",3,"2 hours","male",2.3,"yes",3,"2",6
"8","year 1 semester 1",2.8,"2 hours","female",3.9,"yes",1,"1",1
"8","year 1 semester 2",2.8,"2 hours","female",3.9,"yes",1,"2",2
"8","year 2 semester 1",3.1,"2 hours","female",3.9,"yes",2,"1",3
"8","year 2 semester 2",3.3,"2 hours","female",3.9,"yes",2,"2",4
"8","year 3 semester 1",3.3,"2 hours","female",3.9,"yes",3,"1",5
"8","year 3 semester 2",3.4,"2 hours","female",3.9,"yes",3,"2",6
"9","year 1 semester 1",2.8,"2 hours","male",2,NA,1,"1",1
"9","year 1 semester 2",2.7,"2 hours","male",2,NA,1,"2",2
"9","year 2 semester 1",2.7,"3 hours","male",2,NA,2,"1",3
"9","year 2 semester 2",3.1,"2 hours","male",2,NA,2,"2",4
"9","year 3 semester 1",3.1,"2 hours","male",2,NA,3,"1",5
"9","year 3 semester 2",3.5,"2 hours","male",2,NA,3,"2",6
"10","year 1 semester 1",2.8,"2 hours","male",2.8,"yes",1,"1",1
"10","year 1 semester 2",2.8,"2 hours","male",2.8,"yes",1,"2",2
"10","year 2 semester 1",3,"2 hours","male",2.8,"yes",2,"1",3
"10","year 2 semester 2",2.7,"3 hours","male",2.8,"yes",2,"2",4
"10","year 3 semester 1",3,"2 hours","male",2.8,"yes",3,"1",5
"10","year 3 semester 2",3,"2 hours","male",2.8,"yes",3,"2",6
"11","year 1 semester 1",2.6,"2 hours","female",3.9,NA,1,"1",1
"11","year 1 semester 2",2.9,"3 hours","female",3.9,NA,1,"2",2
"11","year 2 semester 1",3.2,"2 hours","female",3.9,NA,2,"1",3
"11","year 2 semester 2",3.6,"2 hours","female",3.9,NA,2,"2",4
"11","year 3 semester 1",3.6,"2 hours","female",3.9,NA,3,"1",5
"11","year 3 semester 2",3.8,"2 hours","female",3.9,NA,3,"2",6
"12","year 1 semester 1",2.6,"3 hours","female",2.9,"yes",1,"1",1
"12","year 1 semester 2",3,"2 hours","female",2.9,"yes",1,"2",2
"12","year 2 semester 1",2.3,"2 hours","female",2.9,"yes",2,"1",3
"12","year 2 semester 2",2.9,"2 hours","female",2.9,"yes",2,"2",4
"12","year 3 semester 1",3.1,"2 hours","female",2.9,"yes",3,"1",5
"12","year 3 semester 2",3.3,"2 hours","female",2.9,"yes",3,"2",6
"13","year 1 semester 1",2.8,"2 hours","male",3.7,NA,1,"1",1
"13","year 1 semester 2",3.1,"2 hours","male",3.7,NA,1,"2",2
"13","year 2 semester 1",3.5,"2 hours","male",3.7,NA,2,"1",3
"13","year 2 semester 2",3.6,"2 hours","male",3.7,NA,2,"2",4
"13","year 3 semester 1",3.9,"2 hours","male",3.7,NA,3,"1",5
"13","year 3 semester 2",3.9,"2 hours","male",3.7,NA,3,"2",6
"14","year 1 semester 1",2.4,"2 hours","female",3.5,"yes",1,"1",1
"14","year 1 semester 2",3,"2 hours","female",3.5,"yes",1,"2",2
"14","year 2 semester 1",2.9,"2 hours","female",3.5,"yes",2,"1",3
"14","year 2 semester 2",3,"2 hours","female",3.5,"yes",2,"2",4
"14","year 3 semester 1",3.3,"2 hours","female",3.5,"yes",3,"1",5
"14","year 3 semester 2",3.4,"2 hours","female",3.5,"yes",3,"2",6
"15","year 1 semester 1",2.2,"2 hours","male",3.6,"no",1,"1",1
"15","year 1 semester 2",2.7,"2 hours","male",3.6,"no",1,"2",2
"15","year 2 semester 1",2.6,"3 hours","male",3.6,"no",2,"1",3
"15","year 2 semester 2",2.6,"3 hours","male",3.6,"no",2,"2",4
"15","year 3 semester 1",2.8,"3 hours","male",3.6,"no",3,"1",5
"15","year 3 semester 2",2.8,"2 hours","male",3.6,"no",3,"2",6
"16","year 1 semester 1",2.5,"2 hours","female",2.9,"no",1,"1",1
"16","year 1 semester 2",2.7,"2 hours","female",2.9,"no",1,"2",2
"16","year 2 semester 1",2.8,"2 hours","female",2.9,"no",2,"1",3
"16","year 2 semester 2",2.7,"2 hours","female",2.9,"no",2,"2",4
"16","year 3 semester 1",2.8,"2 hours","female",2.9,"no",3,"1",5
"16","year 3 semester 2",2.8,"2 hours","female",2.9,"no",3,"2",6
"17","year 1 semester 1",2.6,"2 hours","male",2.4,"yes",1,"1",1
"17","year 1 semester 2",2.2,"2 hours","male",2.4,"yes",1,"2",2
"17","year 2 semester 1",2.6,"2 hours","male",2.4,"yes",2,"1",3
"17","year 2 semester 2",2.5,"3 hours","male",2.4,"yes",2,"2",4
"17","year 3 semester 1",2.6,"3 hours","male",2.4,"yes",3,"1",5
"17","year 3 semester 2",2.8,"2 hours","male",2.4,"yes",3,"2",6
"18","year 1 semester 1",2.4,"3 hours","male",2.5,"no",1,"1",1
"18","year 1 semester 2",2.9,"2 hours","male",2.5,"no",1,"2",2
"18","year 2 semester 1",2,"2 hours","male",2.5,"no",2,"1",3
"18","year 2 semester 2",2.6,"2 hours","male",2.5,"no",2,"2",4
"18","year 3 semester 1",2.5,"2 hours","male",2.5,"no",3,"1",5
"18","year 3 semester 2",2.7,"3 hours","male",2.5,"no",3,"2",6
"19","year 1 semester 1",2.5,"2 hours","female",2.3,"no",1,"1",1
"19","year 1 semester 2",2.3,"2 hours","female",2.3,"no",1,"2",2
"19","year 2 semester 1",3,"2 hours","female",2.3,"no",2,"1",3
"19","year 2 semester 2",2.9,"3 hours","female",2.3,"no",2,"2",4
"19","year 3 semester 1",2.9,"2 hours","female",2.3,"no",3,"1",5
"19","year 3 semester 2",2.9,"3 hours","female",2.3,"no",3,"2",6
"20","year 1 semester 1",2.8,"2 hours","male",3.4,NA,1,"1",1
"20","year 1 semester 2",2.9,"2 hours","male",3.4,NA,1,"2",2
"20","year 2 semester 1",3.2,"2 hours","male",3.4,NA,2,"1",3
"20","year 2 semester 2",3.2,"2 hours","male",3.4,NA,2,"2",4
"20","year 3 semester 1",3.4,"2 hours","male",3.4,NA,3,"1",5
"20","year 3 semester 2",3.3,"2 hours","male",3.4,NA,3,"2",6
"21","year 1 semester 1",2.6,"2 hours","female",2.8,"no",1,"1",1
"21","year 1 semester 2",2.4,"2 hours","female",2.8,"no",1,"2",2
"21","year 2 semester 1",2.5,"2 hours","female",2.8,"no",2,"1",3
"21","year 2 semester 2",2.5,"2 hours","female",2.8,"no",2,"2",4
"21","year 3 semester 1",2.5,"2 hours","female",2.8,"no",3,"1",5
"21","year 3 semester 2",2.6,"2 hours","female",2.8,"no",3,"2",6
"22","year 1 semester 1",2.8,"2 hours","male",3.6,NA,1,"1",1
"22","year 1 semester 2",2.7,"2 hours","male",3.6,NA,1,"2",2
"22","year 2 semester 1",3.1,"2 hours","male",3.6,NA,2,"1",3
"22","year 2 semester 2",3.1,"2 hours","male",3.6,NA,2,"2",4
"22","year 3 semester 1",3,"2 hours","male",3.6,NA,3,"1",5
"22","year 3 semester 2",3.3,"1 hour","male",3.6,NA,3,"2",6
"23","year 1 semester 1",2.8,"2 hours","male",2.4,"yes",1,"1",1
"23","year 1 semester 2",3.2,"2 hours","male",2.4,"yes",1,"2",2
"23","year 2 semester 1",2.8,"2 hours","male",2.4,"yes",2,"1",3
"23","year 2 semester 2",3,"2 hours","male",2.4,"yes",2,"2",4
"23","year 3 semester 1",2.9,"3 hours","male",2.4,"yes",3,"1",5
"23","year 3 semester 2",3,"2 hours","male",2.4,"yes",3,"2",6
"24","year 1 semester 1",2.7,"2 hours","female",3.9,"no",1,"1",1
"24","year 1 semester 2",2.9,"3 hours","female",3.9,"no",1,"2",2
"24","year 2 semester 1",3,"2 hours","female",3.9,"no",2,"1",3
"24","year 2 semester 2",2.7,"2 hours","female",3.9,"no",2,"2",4
"24","year 3 semester 1",2.9,"3 hours","female",3.9,"no",3,"1",5
"24","year 3 semester 2",3,"2 hours","female",3.9,"no",3,"2",6
"25","year 1 semester 1",3.5,"2 hours","female",3.7,NA,1,"1",1
"25","year 1 semester 2",3.1,"2 hours","female",3.7,NA,1,"2",2
"25","year 2 semester 1",3,"2 hours","female",3.7,NA,2,"1",3
"25","year 2 semester 2",3.3,"2 hours","female",3.7,NA,2,"2",4
"25","year 3 semester 1",3.4,"2 hours","female",3.7,NA,3,"1",5
"25","year 3 semester 2",3.6,"2 hours","female",3.7,NA,3,"2",6
"26","year 1 semester 1",2.3,"2 hours","male",3,"no",1,"1",1
"26","year 1 semester 2",2.8,"2 hours","male",3,"no",1,"2",2
"26","year 2 semester 1",2.1,"2 hours","male",3,"no",2,"1",3
"26","year 2 semester 2",2.8,"2 hours","male",3,"no",2,"2",4
"26","year 3 semester 1",2.8,"3 hours","male",3,"no",3,"1",5
"26","year 3 semester 2",2.5,"2 hours","male",3,"no",3,"2",6
"27","year 1 semester 1",2.2,"2 hours","male",3.3,"no",1,"1",1
"27","year 1 semester 2",2.4,"2 hours","male",3.3,"no",1,"2",2
"27","year 2 semester 1",2.5,"2 hours","male",3.3,"no",2,"1",3
"27","year 2 semester 2",2.2,"3 hours","male",3.3,"no",2,"2",4
"27","year 3 semester 1",2.8,"3 hours","male",3.3,"no",3,"1",5
"27","year 3 semester 2",2.5,"3 hours","male",3.3,"no",3,"2",6
"28","year 1 semester 1",2.6,"2 hours","female",3.5,"yes",1,"1",1
"28","year 1 semester 2",3.1,"2 hours","female",3.5,"yes",1,"2",2
"28","year 2 semester 1",2.9,"2 hours","female",3.5,"yes",2,"1",3
"28","year 2 semester 2",3.1,"2 hours","female",3.5,"yes",2,"2",4
"28","year 3 semester 1",3.1,"1 hour","female",3.5,"yes",3,"1",5
"28","year 3 semester 2",3.2,"2 hours","female",3.5,"yes",3,"2",6
"29","year 1 semester 1",2.9,"2 hours","female",3.3,NA,1,"1",1
"29","year 1 semester 2",2.7,"2 hours","female",3.3,NA,1,"2",2
"29","year 2 semester 1",2.9,"2 hours","female",3.3,NA,2,"1",3
"29","year 2 semester 2",2.9,"3 hours","female",3.3,NA,2,"2",4
"29","year 3 semester 1",3.3,"2 hours","female",3.3,NA,3,"1",5
"29","year 3 semester 2",3.2,"2 hours","female",3.3,NA,3,"2",6
"30","year 1 semester 1",2.9,"2 hours","female",2.4,"yes",1,"1",1
"30","year 1 semester 2",3,"2 hours","female",2.4,"yes",1,"2",2
"30","year 2 semester 1",3.2,"1 hour","female",2.4,"yes",2,"1",3
"30","year 2 semester 2",3.1,"2 hours","female",2.4,"yes",2,"2",4
"30","year 3 semester 1",3.2,"1 hour","female",2.4,"yes",3,"1",5
"30","year 3 semester 2",3.3,"2 hours","female",2.4,"yes",3,"2",6
"31","year 1 semester 1",2.6,"2 hours","female",2,"no",1,"1",1
"31","year 1 semester 2",2.2,"2 hours","female",2,"no",1,"2",2
"31","year 2 semester 1",2.1,"3 hours","female",2,"no",2,"1",3
"31","year 2 semester 2",2.4,"3 hours","female",2,"no",2,"2",4
"31","year 3 semester 1",2.6,"3 hours","female",2,"no",3,"1",5
"31","year 3 semester 2",2.8,"2 hours","female",2,"no",3,"2",6
"32","year 1 semester 1",2.8,"2 hours","female",3.5,NA,1,"1",1
"32","year 1 semester 2",2.9,"2 hours","female",3.5,NA,1,"2",2
"32","year 2 semester 1",3,"2 hours","female",3.5,NA,2,"1",3
"32","year 2 semester 2",3.3,"2 hours","female",3.5,NA,2,"2",4
"32","year 3 semester 1",3.4,"2 hours","female",3.5,NA,3,"1",5
"32","year 3 semester 2",3.6,"2 hours","female",3.5,NA,3,"2",6
"33","year 1 semester 1",2.3,"2 hours","female",3.2,"no",1,"1",1
"33","year 1 semester 2",3,"2 hours","female",3.2,"no",1,"2",2
"33","year 2 semester 1",2.4,"2 hours","female",3.2,"no",2,"1",3
"33","year 2 semester 2",2.8,"2 hours","female",3.2,"no",2,"2",4
"33","year 3 semester 1",2.8,"3 hours","female",3.2,"no",3,"1",5
"33","year 3 semester 2",3,"2 hours","female",3.2,"no",3,"2",6
"34","year 1 semester 1",2.4,"2 hours","male",3.9,"no",1,"1",1
"34","year 1 semester 2",2.8,"2 hours","male",3.9,"no",1,"2",2
"34","year 2 semester 1",2.6,"2 hours","male",3.9,"no",2,"1",3
"34","year 2 semester 2",2.7,"2 hours","male",3.9,"no",2,"2",4
"34","year 3 semester 1",2.6,"2 hours","male",3.9,"no",3,"1",5
"34","year 3 semester 2",2.6,"2 hours","male",3.9,"no",3,"2",6
"35","year 1 semester 1",2.5,"2 hours","male",3.5,NA,1,"1",1
"35","year 1 semester 2",2.5,"2 hours","male",3.5,NA,1,"2",2
"35","year 2 semester 1",2.6,"2 hours","male",3.5,NA,2,"1",3
"35","year 2 semester 2",3.2,"2 hours","male",3.5,NA,2,"2",4
"35","year 3 semester 1",3.4,"2 hours","male",3.5,NA,3,"1",5
"35","year 3 semester 2",3.6,"2 hours","male",3.5,NA,3,"2",6
"36","year 1 semester 1",2.5,"2 hours","male",2.9,NA,1,"1",1
"36","year 1 semester 2",2.9,"2 hours","male",2.9,NA,1,"2",2
"36","year 2 semester 1",3,"2 hours","male",2.9,NA,2,"1",3
"36","year 2 semester 2",3.2,"2 hours","male",2.9,NA,2,"2",4
"36","year 3 semester 1",3,"2 hours","male",2.9,NA,3,"1",5
"36","year 3 semester 2",3.5,"1 hour","male",2.9,NA,3,"2",6
"37","year 1 semester 1",2.2,"3 hours","male",3,NA,1,"1",1
"37","year 1 semester 2",2.5,"2 hours","male",3,NA,1,"2",2
"37","year 2 semester 1",3.3,"2 hours","male",3,NA,2,"1",3
"37","year 2 semester 2",3.1,"2 hours","male",3,NA,2,"2",4
"37","year 3 semester 1",3.3,"2 hours","male",3,NA,3,"1",5
"37","year 3 semester 2",3.4,"2 hours","male",3,NA,3,"2",6
"38","year 1 semester 1",2.9,"2 hours","female",2.9,NA,1,"1",1
"38","year 1 semester 2",3.2,"2 hours","female",2.9,NA,1,"2",2
"38","year 2 semester 1",3.2,"2 hours","female",2.9,NA,2,"1",3
"38","year 2 semester 2",3.4,"2 hours","female",2.9,NA,2,"2",4
"38","year 3 semester 1",3.6,"2 hours","female",2.9,NA,3,"1",5
"38","year 3 semester 2",3.8,"2 hours","female",2.9,NA,3,"2",6
"39","year 1 semester 1",2.4,"2 hours","male",3.5,"no",1,"1",1
"39","year 1 semester 2",2.3,"2 hours","male",3.5,"no",1,"2",2
"39","year 2 semester 1",3,"2 hours","male",3.5,"no",2,"1",3
"39","year 2 semester 2",3.1,"2 hours","male",3.5,"no",2,"2",4
"39","year 3 semester 1",3.1,"2 hours","male",3.5,"no",3,"1",5
"39","year 3 semester 2",2.9,"3 hours","male",3.5,"no",3,"2",6
"40","year 1 semester 1",2.5,"2 hours","female",3.1,NA,1,"1",1
"40","year 1 semester 2",2.9,"2 hours","female",3.1,NA,1,"2",2
"40","year 2 semester 1",3.2,"2 hours","female",3.1,NA,2,"1",3
"40","year 2 semester 2",3.6,"2 hours","female",3.1,NA,2,"2",4
"40","year 3 semester 1",3.3,"2 hours","female",3.1,NA,3,"1",5
"40","year 3 semester 2",3.6,"2 hours","female",3.1,NA,3,"2",6
"41","year 1 semester 1",2.9,"2 hours","female",3.3,NA,1,"1",1
"41","year 1 semester 2",3.5,"2 hours","female",3.3,NA,1,"2",2
"41","year 2 semester 1",3.2,"1 hour","female",3.3,NA,2,"1",3
"41","year 2 semester 2",3.5,"2 hours","female",3.3,NA,2,"2",4
"41","year 3 semester 1",3.8,"1 hour","female",3.3,NA,3,"1",5
"41","year 3 semester 2",3.9,"1 hour","female",3.3,NA,3,"2",6
"42","year 1 semester 1",2.5,"2 hours","male",3.9,"no",1,"1",1
"42","year 1 semester 2",2.5,"2 hours","male",3.9,"no",1,"2",2
"42","year 2 semester 1",3.4,"1 hour","male",3.9,"no",2,"1",3
"42","year 2 semester 2",2.6,"2 hours","male",3.9,"no",2,"2",4
"42","year 3 semester 1",2.8,"2 hours","male",3.9,"no",3,"1",5
"42","year 3 semester 2",3,"2 hours","male",3.9,"no",3,"2",6
"43","year 1 semester 1",2,"2 hours","female",2.3,"yes",1,"1",1
"43","year 1 semester 2",2.5,"2 hours","female",2.3,"yes",1,"2",2
"43","year 2 semester 1",3.1,"2 hours","female",2.3,"yes",2,"1",3
"43","year 2 semester 2",3.3,"2 hours","female",2.3,"yes",2,"2",4
"43","year 3 semester 1",3.2,"2 hours","female",2.3,"yes",3,"1",5
"43","year 3 semester 2",3.6,"2 hours","female",2.3,"yes",3,"2",6
"44","year 1 semester 1",3.1,"2 hours","female",3.5,NA,1,"1",1
"44","year 1 semester 2",3,"2 hours","female",3.5,NA,1,"2",2
"44","year 2 semester 1",3.1,"2 hours","female",3.5,NA,2,"1",3
"44","year 2 semester 2",2.9,"2 hours","female",3.5,NA,2,"2",4
"44","year 3 semester 1",3.1,"2 hours","female",3.5,NA,3,"1",5
"44","year 3 semester 2",3.2,"2 hours","female",3.5,NA,3,"2",6
"45","year 1 semester 1",2.7,"2 hours","female",2.4,"no",1,"1",1
"45","year 1 semester 2",3.1,"2 hours","female",2.4,"no",1,"2",2
"45","year 2 semester 1",3,"2 hours","female",2.4,"no",2,"1",3
"45","year 2 semester 2",3.3,"2 hours","female",2.4,"no",2,"2",4
"45","year 3 semester 1",3.1,"2 hours","female",2.4,"no",3,"1",5
"45","year 3 semester 2",3.2,"2 hours","female",2.4,"no",3,"2",6
"46","year 1 semester 1",2.9,"2 hours","male",2.1,"no",1,"1",1
"46","year 1 semester 2",2.2,"2 hours","male",2.1,"no",1,"2",2
"46","year 2 semester 1",2.7,"2 hours","male",2.1,"no",2,"1",3
"46","year 2 semester 2",2.4,"3 hours","male",2.1,"no",2,"2",4
"46","year 3 semester 1",2.6,"2 hours","male",2.1,"no",3,"1",5
"46","year 3 semester 2",2.4,"2 hours","male",2.1,"no",3,"2",6
"47","year 1 semester 1",2.6,"2 hours","female",2.8,"yes",1,"1",1
"47","year 1 semester 2",2.5,"2 hours","female",2.8,"yes",1,"2",2
"47","year 2 semester 1",2.8,"2 hours","female",2.8,"yes",2,"1",3
"47","year 2 semester 2",2.2,"2 hours","female",2.8,"yes",2,"2",4
"47","year 3 semester 1",2.8,"3 hours","female",2.8,"yes",3,"1",5
"47","year 3 semester 2",2.7,"3 hours","female",2.8,"yes",3,"2",6
"48","year 1 semester 1",2.9,"2 hours","female",2.6,"no",1,"1",1
"48","year 1 semester 2",2.5,"2 hours","female",2.6,"no",1,"2",2
"48","year 2 semester 1",2.7,"3 hours","female",2.6,"no",2,"1",3
"48","year 2 semester 2",2.9,"2 hours","female",2.6,"no",2,"2",4
"48","year 3 semester 1",3,"2 hours","female",2.6,"no",3,"1",5
"48","year 3 semester 2",3.2,"2 hours","female",2.6,"no",3,"2",6
"49","year 1 semester 1",3.1,"2 hours","male",2.8,"yes",1,"1",1
"49","year 1 semester 2",2.7,"3 hours","male",2.8,"yes",1,"2",2
"49","year 2 semester 1",3,"2 hours","male",2.8,"yes",2,"1",3
"49","year 2 semester 2",2.7,"2 hours","male",2.8,"yes",2,"2",4
"49","year 3 semester 1",3,"2 hours","male",2.8,"yes",3,"1",5
"49","year 3 semester 2",3.4,"2 hours","male",2.8,"yes",3,"2",6
"50","year 1 semester 1",2.4,"2 hours","male",3.8,"yes",1,"1",1
"50","year 1 semester 2",2.7,"2 hours","male",3.8,"yes",1,"2",2
"50","year 2 semester 1",2.4,"2 hours","male",3.8,"yes",2,"1",3
"50","year 2 semester 2",3.2,"2 hours","male",3.8,"yes",2,"2",4
"50","year 3 semester 1",3,"2 hours","male",3.8,"yes",3,"1",5
"50","year 3 semester 2",3,"2 hours","male",3.8,"yes",3,"2",6
"51","year 1 semester 1",1.7,"3 hours","male",2.1,"no",1,"1",1
"51","year 1 semester 2",2.5,"2 hours","male",2.1,"no",1,"2",2
"51","year 2 semester 1",3.3,"2 hours","male",2.1,"no",2,"1",3
"51","year 2 semester 2",3.2,"2 hours","male",2.1,"no",2,"2",4
"51","year 3 semester 1",3,"2 hours","male",2.1,"no",3,"1",5
"51","year 3 semester 2",3.3,"1 hour","male",2.1,"no",3,"2",6
"52","year 1 semester 1",2.5,"2 hours","female",3.5,NA,1,"1",1
"52","year 1 semester 2",2.9,"2 hours","female",3.5,NA,1,"2",2
"52","year 2 semester 1",3,"2 hours","female",3.5,NA,2,"1",3
"52","year 2 semester 2",3.3,"2 hours","female",3.5,NA,2,"2",4
"52","year 3 semester 1",3.3,"2 hours","female",3.5,NA,3,"1",5
"52","year 3 semester 2",3.3,"2 hours","female",3.5,NA,3,"2",6
"53","year 1 semester 1",2.8,"2 hours","male",2.3,"yes",1,"1",1
"53","year 1 semester 2",3.4,"2 hours","male",2.3,"yes",1,"2",2
"53","year 2 semester 1",2.7,"2 hours","male",2.3,"yes",2,"1",3
"53","year 2 semester 2",3,"1 hour","male",2.3,"yes",2,"2",4
"53","year 3 semester 1",2.8,"2 hours","male",2.3,"yes",3,"1",5
"53","year 3 semester 2",3,"1 hour","male",2.3,"yes",3,"2",6
"54","year 1 semester 1",2.8,"2 hours","female",2.2,NA,1,"1",1
"54","year 1 semester 2",2.5,"2 hours","female",2.2,NA,1,"2",2
"54","year 2 semester 1",3.3,"2 hours","female",2.2,NA,2,"1",3
"54","year 2 semester 2",3.3,"2 hours","female",2.2,NA,2,"2",4
"54","year 3 semester 1",3.2,"2 hours","female",2.2,NA,3,"1",5
"54","year 3 semester 2",3.4,"2 hours","female",2.2,NA,3,"2",6
"55","year 1 semester 1",2.4,"2 hours","male",3.3,"yes",1,"1",1
"55","year 1 semester 2",2.8,"2 hours","male",3.3,"yes",1,"2",2
"55","year 2 semester 1",3.2,"2 hours","male",3.3,"yes",2,"1",3
"55","year 2 semester 2",3.2,"2 hours","male",3.3,"yes",2,"2",4
"55","year 3 semester 1",3.1,"2 hours","male",3.3,"yes",3,"1",5
"55","year 3 semester 2",3.5,"2 hours","male",3.3,"yes",3,"2",6
"56","year 1 semester 1",2.2,"2 hours","male",2.1,"yes",1,"1",1
"56","year 1 semester 2",2,"2 hours","male",2.1,"yes",1,"2",2
"56","year 2 semester 1",2.6,"2 hours","male",2.1,"yes",2,"1",3
"56","year 2 semester 2",2.6,"3 hours","male",2.1,"yes",2,"2",4
"56","year 3 semester 1",2.9,"2 hours","male",2.1,"yes",3,"1",5
"56","year 3 semester 2",3.1,"2 hours","male",2.1,"yes",3,"2",6
"57","year 1 semester 1",2.5,"2 hours","male",3.5,"yes",1,"1",1
"57","year 1 semester 2",2.9,"2 hours","male",3.5,"yes",1,"2",2
"57","year 2 semester 1",2.8,"3 hours","male",3.5,"yes",2,"1",3
"57","year 2 semester 2",2.8,"2 hours","male",3.5,"yes",2,"2",4
"57","year 3 semester 1",3.4,"2 hours","male",3.5,"yes",3,"1",5
"57","year 3 semester 2",3.3,"2 hours","male",3.5,"yes",3,"2",6
"58","year 1 semester 1",2.5,"2 hours","female",2.5,"no",1,"1",1
"58","year 1 semester 2",2.2,"2 hours","female",2.5,"no",1,"2",2
"58","year 2 semester 1",2.4,"3 hours","female",2.5,"no",2,"1",3
"58","year 2 semester 2",2.8,"3 hours","female",2.5,"no",2,"2",4
"58","year 3 semester 1",2.9,"2 hours","female",2.5,"no",3,"1",5
"58","year 3 semester 2",3.1,"2 hours","female",2.5,"no",3,"2",6
"59","year 1 semester 1",2.8,"2 hours","male",2.5,"yes",1,"1",1
"59","year 1 semester 2",2.8,"2 hours","male",2.5,"yes",1,"2",2
"59","year 2 semester 1",2.6,"3 hours","male",2.5,"yes",2,"1",3
"59","year 2 semester 2",3.1,"2 hours","male",2.5,"yes",2,"2",4
"59","year 3 semester 1",3,"2 hours","male",2.5,"yes",3,"1",5
"59","year 3 semester 2",3.3,"1 hour","male",2.5,"yes",3,"2",6
"60","year 1 semester 1",2,"2 hours","male",2.3,"no",1,"1",1
"60","year 1 semester 2",2.7,"3 hours","male",2.3,"no",1,"2",2
"60","year 2 semester 1",2.6,"2 hours","male",2.3,"no",2,"1",3
"60","year 2 semester 2",2.8,"2 hours","male",2.3,"no",2,"2",4
"60","year 3 semester 1",3.1,"2 hours","male",2.3,"no",3,"1",5
"60","year 3 semester 2",2.9,"2 hours","male",2.3,"no",3,"2",6
"61","year 1 semester 1",2.4,"3 hours","male",2.5,NA,1,"1",1
"61","year 1 semester 2",3.1,"2 hours","male",2.5,NA,1,"2",2
"61","year 2 semester 1",3.2,"2 hours","male",2.5,NA,2,"1",3
"61","year 2 semester 2",3.3,"1 hour","male",2.5,NA,2,"2",4
"61","year 3 semester 1",3.5,"1 hour","male",2.5,NA,3,"1",5
"61","year 3 semester 2",3.5,"1 hour","male",2.5,NA,3,"2",6
"62","year 1 semester 1",2.4,"2 hours","male",3,NA,1,"1",1
"62","year 1 semester 2",2.2,"2 hours","male",3,NA,1,"2",2
"62","year 2 semester 1",2.5,"2 hours","male",3,NA,2,"1",3
"62","year 2 semester 2",3,"2 hours","male",3,NA,2,"2",4
"62","year 3 semester 1",2.9,"2 hours","male",3,NA,3,"1",5
"62","year 3 semester 2",3.4,"1 hour","male",3,NA,3,"2",6
"63","year 1 semester 1",2.6,"2 hours","female",3.8,NA,1,"1",1
"63","year 1 semester 2",3.1,"2 hours","female",3.8,NA,1,"2",2
"63","year 2 semester 1",3.1,"2 hours","female",3.8,NA,2,"1",3
"63","year 2 semester 2",3.5,"2 hours","female",3.8,NA,2,"2",4
"63","year 3 semester 1",3.4,"2 hours","female",3.8,NA,3,"1",5
"63","year 3 semester 2",3.4,"1 hour","female",3.8,NA,3,"2",6
"64","year 1 semester 1",2.4,"2 hours","female",2.2,"yes",1,"1",1
"64","year 1 semester 2",2.9,"2 hours","female",2.2,"yes",1,"2",2
"64","year 2 semester 1",2.7,"2 hours","female",2.2,"yes",2,"1",3
"64","year 2 semester 2",3.3,"2 hours","female",2.2,"yes",2,"2",4
"64","year 3 semester 1",3.2,"2 hours","female",2.2,"yes",3,"1",5
"64","year 3 semester 2",3.4,"2 hours","female",2.2,"yes",3,"2",6
"65","year 1 semester 1",1.9,"3 hours","male",3.6,"no",1,"1",1
"65","year 1 semester 2",2.9,"2 hours","male",3.6,"no",1,"2",2
"65","year 2 semester 1",2.4,"2 hours","male",3.6,"no",2,"1",3
"65","year 2 semester 2",2.8,"2 hours","male",3.6,"no",2,"2",4
"65","year 3 semester 1",2.8,"2 hours","male",3.6,"no",3,"1",5
"65","year 3 semester 2",2.7,"2 hours","male",3.6,"no",3,"2",6
"66","year 1 semester 1",2.3,"3 hours","female",3.8,NA,1,"1",1
"66","year 1 semester 2",2.7,"2 hours","female",3.8,NA,1,"2",2
"66","year 2 semester 1",3.2,"2 hours","female",3.8,NA,2,"1",3
"66","year 2 semester 2",3.3,"2 hours","female",3.8,NA,2,"2",4
"66","year 3 semester 1",3.4,"2 hours","female",3.8,NA,3,"1",5
"66","year 3 semester 2",3.7,"2 hours","female",3.8,NA,3,"2",6
"67","year 1 semester 1",2.6,"2 hours","female",3.3,"no",1,"1",1
"67","year 1 semester 2",3,"2 hours","female",3.3,"no",1,"2",2
"67","year 2 semester 1",2.5,"2 hours","female",3.3,"no",2,"1",3
"67","year 2 semester 2",2.4,"2 hours","female",3.3,"no",2,"2",4
"67","year 3 semester 1",2.6,"2 hours","female",3.3,"no",3,"1",5
"67","year 3 semester 2",2.6,"2 hours","female",3.3,"no",3,"2",6
"68","year 1 semester 1",2.3,"3 hours","male",2.9,"yes",1,"1",1
"68","year 1 semester 2",2.1,"2 hours","male",2.9,"yes",1,"2",2
"68","year 2 semester 1",2.3,"3 hours","male",2.9,"yes",2,"1",3
"68","year 2 semester 2",2.8,"2 hours","male",2.9,"yes",2,"2",4
"68","year 3 semester 1",2.7,"3 hours","male",2.9,"yes",3,"1",5
"68","year 3 semester 2",3.1,"2 hours","male",2.9,"yes",3,"2",6
"69","year 1 semester 1",2.3,"2 hours","male",2.5,"no",1,"1",1
"69","year 1 semester 2",2.3,"2 hours","male",2.5,"no",1,"2",2
"69","year 2 semester 1",2.5,"3 hours","male",2.5,"no",2,"1",3
"69","year 2 semester 2",2.7,"2 hours","male",2.5,"no",2,"2",4
"69","year 3 semester 1",2.7,"3 hours","male",2.5,"no",3,"1",5
"69","year 3 semester 2",2.8,"2 hours","male",2.5,"no",3,"2",6
"70","year 1 semester 1",2.7,"2 hours","male",3.7,"yes",1,"1",1
"70","year 1 semester 2",2.4,"3 hours","male",3.7,"yes",1,"2",2
"70","year 2 semester 1",3,"2 hours","male",3.7,"yes",2,"1",3
"70","year 2 semester 2",3.2,"2 hours","male",3.7,"yes",2,"2",4
"70","year 3 semester 1",2.9,"2 hours","male",3.7,"yes",3,"1",5
"70","year 3 semester 2",3.1,"1 hour","male",3.7,"yes",3,"2",6
"71","year 1 semester 1",2.9,"2 hours","female",3.4,"yes",1,"1",1
"71","year 1 semester 2",2.8,"2 hours","female",3.4,"yes",1,"2",2
"71","year 2 semester 1",3,"2 hours","female",3.4,"yes",2,"1",3
"71","year 2 semester 2",2.8,"2 hours","female",3.4,"yes",2,"2",4
"71","year 3 semester 1",2.9,"2 hours","female",3.4,"yes",3,"1",5
"71","year 3 semester 2",2.8,"2 hours","female",3.4,"yes",3,"2",6
"72","year 1 semester 1",3,"2 hours","female",2.9,"yes",1,"1",1
"72","year 1 semester 2",3.1,"2 hours","female",2.9,"yes",1,"2",2
"72","year 2 semester 1",3.5,"2 hours","female",2.9,"yes",2,"1",3
"72","year 2 semester 2",3.2,"2 hours","female",2.9,"yes",2,"2",4
"72","year 3 semester 1",3.7,"2 hours","female",2.9,"yes",3,"1",5
"72","year 3 semester 2",3.7,"2 hours","female",2.9,"yes",3,"2",6
"73","year 1 semester 1",2.6,"2 hours","male",4,"no",1,"1",1
"73","year 1 semester 2",2.5,"2 hours","male",4,"no",1,"2",2
"73","year 2 semester 1",2.6,"2 hours","male",4,"no",2,"1",3
"73","year 2 semester 2",2.8,"2 hours","male",4,"no",2,"2",4
"73","year 3 semester 1",2.6,"2 hours","male",4,"no",3,"1",5
"73","year 3 semester 2",2.6,"2 hours","male",4,"no",3,"2",6
"74","year 1 semester 1",3.5,"2 hours","male",3.4,NA,1,"1",1
"74","year 1 semester 2",2.9,"3 hours","male",3.4,NA,1,"2",2
"74","year 2 semester 1",2.8,"3 hours","male",3.4,NA,2,"1",3
"74","year 2 semester 2",3.1,"2 hours","male",3.4,NA,2,"2",4
"74","year 3 semester 1",3.1,"2 hours","male",3.4,NA,3,"1",5
"74","year 3 semester 2",3.3,"2 hours","male",3.4,NA,3,"2",6
"75","year 1 semester 1",2.5,"2 hours","female",2,"no",1,"1",1
"75","year 1 semester 2",2.5,"2 hours","female",2,"no",1,"2",2
"75","year 2 semester 1",3.2,"2 hours","female",2,"no",2,"1",3
"75","year 2 semester 2",3,"2 hours","female",2,"no",2,"2",4
"75","year 3 semester 1",3.2,"2 hours","female",2,"no",3,"1",5
"75","year 3 semester 2",3,"2 hours","female",2,"no",3,"2",6
"76","year 1 semester 1",2.4,"2 hours","male",2.9,NA,1,"1",1
"76","year 1 semester 2",2.9,"2 hours","male",2.9,NA,1,"2",2
"76","year 2 semester 1",2.8,"2 hours","male",2.9,NA,2,"1",3
"76","year 2 semester 2",3.4,"1 hour","male",2.9,NA,2,"2",4
"76","year 3 semester 1",3.3,"1 hour","male",2.9,NA,3,"1",5
"76","year 3 semester 2",3.5,"1 hour","male",2.9,NA,3,"2",6
"77","year 1 semester 1",2.4,"2 hours","female",2.8,NA,1,"1",1
"77","year 1 semester 2",3.1,"2 hours","female",2.8,NA,1,"2",2
"77","year 2 semester 1",3.2,"2 hours","female",2.8,NA,2,"1",3
"77","year 2 semester 2",3.8,"2 hours","female",2.8,NA,2,"2",4
"77","year 3 semester 1",4,"1 hour","female",2.8,NA,3,"1",5
"77","year 3 semester 2",4,"1 hour","female",2.8,NA,3,"2",6
"78","year 1 semester 1",2.4,"3 hours","male",2.9,"no",1,"1",1
"78","year 1 semester 2",2.5,"2 hours","male",2.9,"no",1,"2",2
"78","year 2 semester 1",2.1,"2 hours","male",2.9,"no",2,"1",3
"78","year 2 semester 2",2.5,"2 hours","male",2.9,"no",2,"2",4
"78","year 3 semester 1",2.3,"2 hours","male",2.9,"no",3,"1",5
"78","year 3 semester 2",2.8,"2 hours","male",2.9,"no",3,"2",6
"79","year 1 semester 1",2.3,"2 hours","female",2.6,"no",1,"1",1
"79","year 1 semester 2",1.8,"3 hours","female",2.6,"no",1,"2",2
"79","year 2 semester 1",2.2,"3 hours","female",2.6,"no",2,"1",3
"79","year 2 semester 2",2.3,"3 hours","female",2.6,"no",2,"2",4
"79","year 3 semester 1",2.5,"2 hours","female",2.6,"no",3,"1",5
"79","year 3 semester 2",2.8,"2 hours","female",2.6,"no",3,"2",6
"80","year 1 semester 1",3.1,"2 hours","female",3.7,NA,1,"1",1
"80","year 1 semester 2",2.8,"3 hours","female",3.7,NA,1,"2",2
"80","year 2 semester 1",3,"2 hours","female",3.7,NA,2,"1",3
"80","year 2 semester 2",3.1,"2 hours","female",3.7,NA,2,"2",4
"80","year 3 semester 1",3.4,"2 hours","female",3.7,NA,3,"1",5
"80","year 3 semester 2",3.2,"2 hours","female",3.7,NA,3,"2",6
"81","year 1 semester 1",2.3,"2 hours","female",2.2,NA,1,"1",1
"81","year 1 semester 2",2.4,"3 hours","female",2.2,NA,1,"2",2
"81","year 2 semester 1",2.8,"2 hours","female",2.2,NA,2,"1",3
"81","year 2 semester 2",3.1,"2 hours","female",2.2,NA,2,"2",4
"81","year 3 semester 1",3.3,"2 hours","female",2.2,NA,3,"1",5
"81","year 3 semester 2",3.6,"2 hours","female",2.2,NA,3,"2",6
"82","year 1 semester 1",3.3,"2 hours","female",3.6,NA,1,"1",1
"82","year 1 semester 2",3.2,"2 hours","female",3.6,NA,1,"2",2
"82","year 2 semester 1",2.7,"2 hours","female",3.6,NA,2,"1",3
"82","year 2 semester 2",3.2,"2 hours","female",3.6,NA,2,"2",4
"82","year 3 semester 1",3.3,"2 hours","female",3.6,NA,3,"1",5
"82","year 3 semester 2",3.6,"2 hours","female",3.6,NA,3,"2",6
"83","year 1 semester 1",2.5,"2 hours","female",2.3,NA,1,"1",1
"83","year 1 semester 2",3.1,"2 hours","female",2.3,NA,1,"2",2
"83","year 2 semester 1",3.2,"1 hour","female",2.3,NA,2,"1",3
"83","year 2 semester 2",3.3,"2 hours","female",2.3,NA,2,"2",4
"83","year 3 semester 1",3.4,"2 hours","female",2.3,NA,3,"1",5
"83","year 3 semester 2",3.4,"1 hour","female",2.3,NA,3,"2",6
"84","year 1 semester 1",2.3,"2 hours","male",3.7,"no",1,"1",1
"84","year 1 semester 2",2.1,"3 hours","male",3.7,"no",1,"2",2
"84","year 2 semester 1",2.4,"3 hours","male",3.7,"no",2,"1",3
"84","year 2 semester 2",2.1,"2 hours","male",3.7,"no",2,"2",4
"84","year 3 semester 1",2.2,"3 hours","male",3.7,"no",3,"1",5
"84","year 3 semester 2",2.4,"3 hours","male",3.7,"no",3,"2",6
"85","year 1 semester 1",2.4,"3 hours","female",2.8,"no",1,"1",1
"85","year 1 semester 2",2.8,"2 hours","female",2.8,"no",1,"2",2
"85","year 2 semester 1",3.1,"2 hours","female",2.8,"no",2,"1",3
"85","year 2 semester 2",3.3,"2 hours","female",2.8,"no",2,"2",4
"85","year 3 semester 1",3.1,"2 hours","female",2.8,"no",3,"1",5
"85","year 3 semester 2",3.3,"2 hours","female",2.8,"no",3,"2",6
"86","year 1 semester 1",2.7,"2 hours","male",2.5,"yes",1,"1",1
"86","year 1 semester 2",2.5,"2 hours","male",2.5,"yes",1,"2",2
"86","year 2 semester 1",3,"2 hours","male",2.5,"yes",2,"1",3
"86","year 2 semester 2",2.5,"2 hours","male",2.5,"yes",2,"2",4
"86","year 3 semester 1",2.6,"2 hours","male",2.5,"yes",3,"1",5
"86","year 3 semester 2",2.6,"2 hours","male",2.5,"yes",3,"2",6
"87","year 1 semester 1",2.3,"2 hours","female",2.1,"yes",1,"1",1
"87","year 1 semester 2",2.7,"2 hours","female",2.1,"yes",1,"2",2
"87","year 2 semester 1",2.7,"2 hours","female",2.1,"yes",2,"1",3
"87","year 2 semester 2",3.2,"2 hours","female",2.1,"yes",2,"2",4
"87","year 3 semester 1",3.1,"2 hours","female",2.1,"yes",3,"1",5
"87","year 3 semester 2",3.2,"2 hours","female",2.1,"yes",3,"2",6
"88","year 1 semester 1",2.7,"2 hours","male",2.2,"yes",1,"1",1
"88","year 1 semester 2",2.8,"2 hours","male",2.2,"yes",1,"2",2
"88","year 2 semester 1",2.5,"3 hours","male",2.2,"yes",2,"1",3
"88","year 2 semester 2",2.7,"2 hours","male",2.2,"yes",2,"2",4
"88","year 3 semester 1",3.1,"2 hours","male",2.2,"yes",3,"1",5
"88","year 3 semester 2",3,"2 hours","male",2.2,"yes",3,"2",6
"89","year 1 semester 1",2.6,"2 hours","male",3.7,NA,1,"1",1
"89","year 1 semester 2",2.8,"2 hours","male",3.7,NA,1,"2",2
"89","year 2 semester 1",3.2,"2 hours","male",3.7,NA,2,"1",3
"89","year 2 semester 2",3,"2 hours","male",3.7,NA,2,"2",4
"89","year 3 semester 1",3.1,"2 hours","male",3.7,NA,3,"1",5
"89","year 3 semester 2",3.5,"2 hours","male",3.7,NA,3,"2",6
"90","year 1 semester 1",2.4,"2 hours","female",2.6,"no",1,"1",1
"90","year 1 semester 2",2.5,"2 hours","female",2.6,"no",1,"2",2
"90","year 2 semester 1",2.7,"2 hours","female",2.6,"no",2,"1",3
"90","year 2 semester 2",3,"2 hours","female",2.6,"no",2,"2",4
"90","year 3 semester 1",3,"2 hours","female",2.6,"no",3,"1",5
"90","year 3 semester 2",3.2,"2 hours","female",2.6,"no",3,"2",6
"91","year 1 semester 1",2,"2 hours","male",3.6,"no",1,"1",1
"91","year 1 semester 2",2.5,"2 hours","male",3.6,"no",1,"2",2
"91","year 2 semester 1",2.3,"2 hours","male",3.6,"no",2,"1",3
"91","year 2 semester 2",2.5,"2 hours","male",3.6,"no",2,"2",4
"91","year 3 semester 1",2.8,"2 hours","male",3.6,"no",3,"1",5
"91","year 3 semester 2",2.9,"3 hours","male",3.6,"no",3,"2",6
"92","year 1 semester 1",2.7,"2 hours","female",2.7,NA,1,"1",1
"92","year 1 semester 2",3.2,"2 hours","female",2.7,NA,1,"2",2
"92","year 2 semester 1",3.8,"2 hours","female",2.7,NA,2,"1",3
"92","year 2 semester 2",4,"1 hour","female",2.7,NA,2,"2",4
"92","year 3 semester 1",4,"1 hour","female",2.7,NA,3,"1",5
"92","year 3 semester 2",4,"1 hour","female",2.7,NA,3,"2",6
"93","year 1 semester 1",2.9,"2 hours","male",3.5,NA,1,"1",1
"93","year 1 semester 2",3.5,"2 hours","male",3.5,NA,1,"2",2
"93","year 2 semester 1",3.2,"2 hours","male",3.5,NA,2,"1",3
"93","year 2 semester 2",3.3,"2 hours","male",3.5,NA,2,"2",4
"93","year 3 semester 1",3.4,"2 hours","male",3.5,NA,3,"1",5
"93","year 3 semester 2",3.4,"2 hours","male",3.5,NA,3,"2",6
"94","year 1 semester 1",2.7,"2 hours","female",3.7,"yes",1,"1",1
"94","year 1 semester 2",2.9,"3 hours","female",3.7,"yes",1,"2",2
"94","year 2 semester 1",3,"2 hours","female",3.7,"yes",2,"1",3
"94","year 2 semester 2",2.7,"3 hours","female",3.7,"yes",2,"2",4
"94","year 3 semester 1",2.7,"2 hours","female",3.7,"yes",3,"1",5
"94","year 3 semester 2",2.8,"2 hours","female",3.7,"yes",3,"2",6
"95","year 1 semester 1",2.5,"2 hours","female",3.4,"no",1,"1",1
"95","year 1 semester 2",2.5,"2 hours","female",3.4,"no",1,"2",2
"95","year 2 semester 1",2.9,"2 hours","female",3.4,"no",2,"1",3
"95","year 2 semester 2",2.8,"2 hours","female",3.4,"no",2,"2",4
"95","year 3 semester 1",2.7,"2 hours","female",3.4,"no",3,"1",5
"95","year 3 semester 2",2.9,"2 hours","female",3.4,"no",3,"2",6
"96","year 1 semester 1",2.4,"2 hours","female",2.3,NA,1,"1",1
"96","year 1 semester 2",2.5,"2 hours","female",2.3,NA,1,"2",2
"96","year 2 semester 1",2.8,"3 hours","female",2.3,NA,2,"1",3
"96","year 2 semester 2",3.3,"2 hours","female",2.3,NA,2,"2",4
"96","year 3 semester 1",3.4,"2 hours","female",2.3,NA,3,"1",5
"96","year 3 semester 2",3.8,"2 hours","female",2.3,NA,3,"2",6
"97","year 1 semester 1",2.3,"3 hours","male",2.6,"no",1,"1",1
"97","year 1 semester 2",2.5,"3 hours","male",2.6,"no",1,"2",2
"97","year 2 semester 1",3,"2 hours","male",2.6,"no",2,"1",3
"97","year 2 semester 2",3.2,"2 hours","male",2.6,"no",2,"2",4
"97","year 3 semester 1",2.9,"2 hours","male",2.6,"no",3,"1",5
"97","year 3 semester 2",2.9,"2 hours","male",2.6,"no",3,"2",6
"98","year 1 semester 1",3.3,"2 hours","female",3.4,NA,1,"1",1
"98","year 1 semester 2",2.4,"2 hours","female",3.4,NA,1,"2",2
"98","year 2 semester 1",3.2,"2 hours","female",3.4,NA,2,"1",3
"98","year 2 semester 2",3.2,"2 hours","female",3.4,NA,2,"2",4
"98","year 3 semester 1",3.1,"2 hours","female",3.4,NA,3,"1",5
"98","year 3 semester 2",3.3,"2 hours","female",3.4,NA,3,"2",6
"99","year 1 semester 1",2.2,"2 hours","female",2.9,"yes",1,"1",1
"99","year 1 semester 2",2.7,"2 hours","female",2.9,"yes",1,"2",2
"99","year 2 semester 1",2.7,"3 hours","female",2.9,"yes",2,"1",3
"99","year 2 semester 2",2.8,"3 hours","female",2.9,"yes",2,"2",4
"99","year 3 semester 1",2.8,"3 hours","female",2.9,"yes",3,"1",5
"99","year 3 semester 2",2.8,"2 hours","female",2.9,"yes",3,"2",6
"100","year 1 semester 1",2.7,"3 hours","male",2.8,"no",1,"1",1
"100","year 1 semester 2",2,"2 hours","male",2.8,"no",1,"2",2
"100","year 2 semester 1",2,"3 hours","male",2.8,"no",2,"1",3
"100","year 2 semester 2",2.3,"3 hours","male",2.8,"no",2,"2",4
"100","year 3 semester 1",2.4,"3 hours","male",2.8,"no",3,"1",5
"100","year 3 semester 2",2.7,"3 hours","male",2.8,"no",3,"2",6
"101","year 1 semester 1",2.8,"2 hours","female",3.4,NA,1,"1",1
"101","year 1 semester 2",2.7,"2 hours","female",3.4,NA,1,"2",2
"101","year 2 semester 1",3.1,"2 hours","female",3.4,NA,2,"1",3
"101","year 2 semester 2",3.6,"2 hours","female",3.4,NA,2,"2",4
"101","year 3 semester 1",3.6,"2 hours","female",3.4,NA,3,"1",5
"101","year 3 semester 2",3.7,"1 hour","female",3.4,NA,3,"2",6
"102","year 1 semester 1",3.1,"2 hours","male",3.5,"yes",1,"1",1
"102","year 1 semester 2",2.9,"2 hours","male",3.5,"yes",1,"2",2
"102","year 2 semester 1",2.7,"2 hours","male",3.5,"yes",2,"1",3
"102","year 2 semester 2",2.6,"3 hours","male",3.5,"yes",2,"2",4
"102","year 3 semester 1",2.9,"2 hours","male",3.5,"yes",3,"1",5
"102","year 3 semester 2",2.7,"2 hours","male",3.5,"yes",3,"2",6
"103","year 1 semester 1",2.2,"2 hours","female",2.3,"yes",1,"1",1
"103","year 1 semester 2",2.4,"2 hours","female",2.3,"yes",1,"2",2
"103","year 2 semester 1",2.8,"3 hours","female",2.3,"yes",2,"1",3
"103","year 2 semester 2",2.8,"2 hours","female",2.3,"yes",2,"2",4
"103","year 3 semester 1",3.1,"2 hours","female",2.3,"yes",3,"1",5
"103","year 3 semester 2",2.9,"3 hours","female",2.3,"yes",3,"2",6
"104","year 1 semester 1",2.3,"2 hours","female",3.5,"yes",1,"1",1
"104","year 1 semester 2",2.8,"2 hours","female",3.5,"yes",1,"2",2
"104","year 2 semester 1",2.9,"2 hours","female",3.5,"yes",2,"1",3
"104","year 2 semester 2",3,"2 hours","female",3.5,"yes",2,"2",4
"104","year 3 semester 1",3.4,"2 hours","female",3.5,"yes",3,"1",5
"104","year 3 semester 2",3.4,"2 hours","female",3.5,"yes",3,"2",6
"105","year 1 semester 1",3.4,"2 hours","female",3.6,NA,1,"1",1
"105","year 1 semester 2",3.9,"2 hours","female",3.6,NA,1,"2",2
"105","year 2 semester 1",3.9,"2 hours","female",3.6,NA,2,"1",3
"105","year 2 semester 2",3.5,"2 hours","female",3.6,NA,2,"2",4
"105","year 3 semester 1",3.9,"2 hours","female",3.6,NA,3,"1",5
"105","year 3 semester 2",3.9,"2 hours","female",3.6,NA,3,"2",6
"106","year 1 semester 1",1.8,"3 hours","male",2.6,"no",1,"1",1
"106","year 1 semester 2",2.8,"2 hours","male",2.6,"no",1,"2",2
"106","year 2 semester 1",2.6,"2 hours","male",2.6,"no",2,"1",3
"106","year 2 semester 2",2.3,"2 hours","male",2.6,"no",2,"2",4
"106","year 3 semester 1",2.5,"2 hours","male",2.6,"no",3,"1",5
"106","year 3 semester 2",2.7,"2 hours","male",2.6,"no",3,"2",6
"107","year 1 semester 1",2.4,"2 hours","male",3.2,"no",1,"1",1
"107","year 1 semester 2",2.5,"2 hours","male",3.2,"no",1,"2",2
"107","year 2 semester 1",2.3,"2 hours","male",3.2,"no",2,"1",3
"107","year 2 semester 2",2.3,"2 hours","male",3.2,"no",2,"2",4
"107","year 3 semester 1",2.6,"2 hours","male",3.2,"no",3,"1",5
"107","year 3 semester 2",2.7,"2 hours","male",3.2,"no",3,"2",6
"108","year 1 semester 1",2.7,"2 hours","male",2.3,"no",1,"1",1
"108","year 1 semester 2",2,"2 hours","male",2.3,"no",1,"2",2
"108","year 2 semester 1",2,"3 hours","male",2.3,"no",2,"1",3
"108","year 2 semester 2",2.6,"2 hours","male",2.3,"no",2,"2",4
"108","year 3 semester 1",2.5,"2 hours","male",2.3,"no",3,"1",5
"108","year 3 semester 2",2.7,"2 hours","male",2.3,"no",3,"2",6
"109","year 1 semester 1",2.7,"2 hours","male",3.2,"yes",1,"1",1
"109","year 1 semester 2",2.7,"2 hours","male",3.2,"yes",1,"2",2
"109","year 2 semester 1",2.7,"2 hours","male",3.2,"yes",2,"1",3
"109","year 2 semester 2",3.1,"2 hours","male",3.2,"yes",2,"2",4
"109","year 3 semester 1",2.8,"2 hours","male",3.2,"yes",3,"1",5
"109","year 3 semester 2",2.7,"2 hours","male",3.2,"yes",3,"2",6
"110","year 1 semester 1",2.5,"2 hours","male",2.4,"no",1,"1",1
"110","year 1 semester 2",2.3,"2 hours","male",2.4,"no",1,"2",2
"110","year 2 semester 1",2.2,"2 hours","male",2.4,"no",2,"1",3
"110","year 2 semester 2",2.2,"3 hours","male",2.4,"no",2,"2",4
"110","year 3 semester 1",2.2,"2 hours","male",2.4,"no",3,"1",5
"110","year 3 semester 2",2.3,"2 hours","male",2.4,"no",3,"2",6
"111","year 1 semester 1",2.4,"2 hours","female",2.2,"no",1,"1",1
"111","year 1 semester 2",2.5,"2 hours","female",2.2,"no",1,"2",2
"111","year 2 semester 1",2.2,"2 hours","female",2.2,"no",2,"1",3
"111","year 2 semester 2",2.4,"2 hours","female",2.2,"no",2,"2",4
"111","year 3 semester 1",2.2,"3 hours","female",2.2,"no",3,"1",5
"111","year 3 semester 2",2.5,"2 hours","female",2.2,"no",3,"2",6
"112","year 1 semester 1",3,"2 hours","female",2.5,NA,1,"1",1
"112","year 1 semester 2",3.5,"2 hours","female",2.5,NA,1,"2",2
"112","year 2 semester 1",3.2,"2 hours","female",2.5,NA,2,"1",3
"112","year 2 semester 2",2.9,"2 hours","female",2.5,NA,2,"2",4
"112","year 3 semester 1",3,"2 hours","female",2.5,NA,3,"1",5
"112","year 3 semester 2",3.1,"2 hours","female",2.5,NA,3,"2",6
"113","year 1 semester 1",2.7,"2 hours","male",3.7,"yes",1,"1",1
"113","year 1 semester 2",2.4,"2 hours","male",3.7,"yes",1,"2",2
"113","year 2 semester 1",3,"2 hours","male",3.7,"yes",2,"1",3
"113","year 2 semester 2",2.5,"3 hours","male",3.7,"yes",2,"2",4
"113","year 3 semester 1",2.6,"3 hours","male",3.7,"yes",3,"1",5
"113","year 3 semester 2",2.8,"3 hours","male",3.7,"yes",3,"2",6
"114","year 1 semester 1",2.8,"2 hours","female",4,"yes",1,"1",1
"114","year 1 semester 2",2.3,"2 hours","female",4,"yes",1,"2",2
"114","year 2 semester 1",2.8,"2 hours","female",4,"yes",2,"1",3
"114","year 2 semester 2",2.9,"2 hours","female",4,"yes",2,"2",4
"114","year 3 semester 1",3,"2 hours","female",4,"yes",3,"1",5
"114","year 3 semester 2",3.1,"2 hours","female",4,"yes",3,"2",6
"115","year 1 semester 1",2.2,"2 hours","female",3.6,"yes",1,"1",1
"115","year 1 semester 2",2.1,"3 hours","female",3.6,"yes",1,"2",2
"115","year 2 semester 1",3.1,"2 hours","female",3.6,"yes",2,"1",3
"115","year 2 semester 2",3,"2 hours","female",3.6,"yes",2,"2",4
"115","year 3 semester 1",3,"2 hours","female",3.6,"yes",3,"1",5
"115","year 3 semester 2",3.2,"2 hours","female",3.6,"yes",3,"2",6
"116","year 1 semester 1",2.5,"2 hours","female",2.2,"no",1,"1",1
"116","year 1 semester 2",2.3,"2 hours","female",2.2,"no",1,"2",2
"116","year 2 semester 1",2.8,"2 hours","female",2.2,"no",2,"1",3
"116","year 2 semester 2",2.7,"3 hours","female",2.2,"no",2,"2",4
"116","year 3 semester 1",2.9,"3 hours","female",2.2,"no",3,"1",5
"116","year 3 semester 2",3.1,"2 hours","female",2.2,"no",3,"2",6
"117","year 1 semester 1",2.8,"2 hours","female",2.3,"no",1,"1",1
"117","year 1 semester 2",2.1,"2 hours","female",2.3,"no",1,"2",2
"117","year 2 semester 1",3,"2 hours","female",2.3,"no",2,"1",3
"117","year 2 semester 2",3.1,"2 hours","female",2.3,"no",2,"2",4
"117","year 3 semester 1",3,"2 hours","female",2.3,"no",3,"1",5
"117","year 3 semester 2",3.1,"2 hours","female",2.3,"no",3,"2",6
"118","year 1 semester 1",2.5,"2 hours","female",2.2,NA,1,"1",1
"118","year 1 semester 2",2.4,"2 hours","female",2.2,NA,1,"2",2
"118","year 2 semester 1",3,"2 hours","female",2.2,NA,2,"1",3
"118","year 2 semester 2",3.3,"2 hours","female",2.2,NA,2,"2",4
"118","year 3 semester 1",3.3,"1 hour","female",2.2,NA,3,"1",5
"118","year 3 semester 2",3.6,"2 hours","female",2.2,NA,3,"2",6
"119","year 1 semester 1",2.4,"3 hours","male",2.4,"no",1,"1",1
"119","year 1 semester 2",2.5,"2 hours","male",2.4,"no",1,"2",2
"119","year 2 semester 1",2.6,"2 hours","male",2.4,"no",2,"1",3
"119","year 2 semester 2",2.5,"2 hours","male",2.4,"no",2,"2",4
"119","year 3 semester 1",2.8,"3 hours","male",2.4,"no",3,"1",5
"119","year 3 semester 2",2.9,"3 hours","male",2.4,"no",3,"2",6
"120","year 1 semester 1",2.5,"2 hours","male",3.9,"yes",1,"1",1
"120","year 1 semester 2",3.2,"2 hours","male",3.9,"yes",1,"2",2
"120","year 2 semester 1",3.2,"2 hours","male",3.9,"yes",2,"1",3
"120","year 2 semester 2",2.8,"2 hours","male",3.9,"yes",2,"2",4
"120","year 3 semester 1",3,"2 hours","male",3.9,"yes",3,"1",5
"120","year 3 semester 2",3.3,"2 hours","male",3.9,"yes",3,"2",6
"121","year 1 semester 1",2.9,"2 hours","male",3.7,"yes",1,"1",1
"121","year 1 semester 2",2.7,"2 hours","male",3.7,"yes",1,"2",2
"121","year 2 semester 1",2.6,"2 hours","male",3.7,"yes",2,"1",3
"121","year 2 semester 2",3,"2 hours","male",3.7,"yes",2,"2",4
"121","year 3 semester 1",3.3,"2 hours","male",3.7,"yes",3,"1",5
"121","year 3 semester 2",3.3,"2 hours","male",3.7,"yes",3,"2",6
"122","year 1 semester 1",3,"2 hours","female",2.5,NA,1,"1",1
"122","year 1 semester 2",3.3,"2 hours","female",2.5,NA,1,"2",2
"122","year 2 semester 1",2.9,"3 hours","female",2.5,NA,2,"1",3
"122","year 2 semester 2",3,"2 hours","female",2.5,NA,2,"2",4
"122","year 3 semester 1",3.1,"2 hours","female",2.5,NA,3,"1",5
"122","year 3 semester 2",3.6,"2 hours","female",2.5,NA,3,"2",6
"123","year 1 semester 1",2.9,"2 hours","male",2.8,"yes",1,"1",1
"123","year 1 semester 2",2.3,"2 hours","male",2.8,"yes",1,"2",2
"123","year 2 semester 1",2.3,"3 hours","male",2.8,"yes",2,"1",3
"123","year 2 semester 2",2.4,"2 hours","male",2.8,"yes",2,"2",4
"123","year 3 semester 1",2.2,"2 hours","male",2.8,"yes",3,"1",5
"123","year 3 semester 2",2.5,"2 hours","male",2.8,"yes",3,"2",6
"124","year 1 semester 1",2.5,"2 hours","female",3.6,"yes",1,"1",1
"124","year 1 semester 2",3.1,"2 hours","female",3.6,"yes",1,"2",2
"124","year 2 semester 1",2.5,"2 hours","female",3.6,"yes",2,"1",3
"124","year 2 semester 2",3.3,"2 hours","female",3.6,"yes",2,"2",4
"124","year 3 semester 1",3,"2 hours","female",3.6,"yes",3,"1",5
"124","year 3 semester 2",3.4,"2 hours","female",3.6,"yes",3,"2",6
"125","year 1 semester 1",2.8,"2 hours","male",3.8,"no",1,"1",1
"125","year 1 semester 2",2.3,"3 hours","male",3.8,"no",1,"2",2
"125","year 2 semester 1",2.7,"3 hours","male",3.8,"no",2,"1",3
"125","year 2 semester 2",2.4,"2 hours","male",3.8,"no",2,"2",4
"125","year 3 semester 1",2.6,"3 hours","male",3.8,"no",3,"1",5
"125","year 3 semester 2",3,"2 hours","male",3.8,"no",3,"2",6
"126","year 1 semester 1",2.5,"2 hours","female",3.1,"yes",1,"1",1
"126","year 1 semester 2",2.7,"2 hours","female",3.1,"yes",1,"2",2
"126","year 2 semester 1",2.1,"2 hours","female",3.1,"yes",2,"1",3
"126","year 2 semester 2",3.1,"2 hours","female",3.1,"yes",2,"2",4
"126","year 3 semester 1",3,"2 hours","female",3.1,"yes",3,"1",5
"126","year 3 semester 2",3,"2 hours","female",3.1,"yes",3,"2",6
"127","year 1 semester 1",2.7,"3 hours","male",2.5,"no",1,"1",1
"127","year 1 semester 2",2.3,"3 hours","male",2.5,"no",1,"2",2
"127","year 2 semester 1",2.4,"2 hours","male",2.5,"no",2,"1",3
"127","year 2 semester 2",2.6,"2 hours","male",2.5,"no",2,"2",4
"127","year 3 semester 1",2.3,"3 hours","male",2.5,"no",3,"1",5
"127","year 3 semester 2",2.5,"3 hours","male",2.5,"no",3,"2",6
"128","year 1 semester 1",3,"2 hours","female",3.8,"yes",1,"1",1
"128","year 1 semester 2",2.7,"3 hours","female",3.8,"yes",1,"2",2
"128","year 2 semester 1",2.3,"2 hours","female",3.8,"yes",2,"1",3
"128","year 2 semester 2",2.7,"3 hours","female",3.8,"yes",2,"2",4
"128","year 3 semester 1",2.9,"2 hours","female",3.8,"yes",3,"1",5
"128","year 3 semester 2",3.1,"2 hours","female",3.8,"yes",3,"2",6
"129","year 1 semester 1",2.7,"2 hours","female",3.4,"yes",1,"1",1
"129","year 1 semester 2",2.8,"3 hours","female",3.4,"yes",1,"2",2
"129","year 2 semester 1",2.7,"2 hours","female",3.4,"yes",2,"1",3
"129","year 2 semester 2",2.7,"2 hours","female",3.4,"yes",2,"2",4
"129","year 3 semester 1",2.9,"2 hours","female",3.4,"yes",3,"1",5
"129","year 3 semester 2",2.9,"3 hours","female",3.4,"yes",3,"2",6
"130","year 1 semester 1",2.4,"2 hours","male",2.9,NA,1,"1",1
"130","year 1 semester 2",2.9,"2 hours","male",2.9,NA,1,"2",2
"130","year 2 semester 1",3.6,"2 hours","male",2.9,NA,2,"1",3
"130","year 2 semester 2",3.1,"2 hours","male",2.9,NA,2,"2",4
"130","year 3 semester 1",3,"1 hour","male",2.9,NA,3,"1",5
"130","year 3 semester 2",3.1,"2 hours","male",2.9,NA,3,"2",6
"131","year 1 semester 1",2.8,"2 hours","female",2.2,NA,1,"1",1
"131","year 1 semester 2",3.1,"2 hours","female",2.2,NA,1,"2",2
"131","year 2 semester 1",3.2,"2 hours","female",2.2,NA,2,"1",3
"131","year 2 semester 2",3.1,"2 hours","female",2.2,NA,2,"2",4
"131","year 3 semester 1",3.4,"2 hours","female",2.2,NA,3,"1",5
"131","year 3 semester 2",3.7,"2 hours","female",2.2,NA,3,"2",6
"132","year 1 semester 1",2.2,"3 hours","male",2.7,"no",1,"1",1
"132","year 1 semester 2",2.7,"2 hours","male",2.7,"no",1,"2",2
"132","year 2 semester 1",3.4,"2 hours","male",2.7,"no",2,"1",3
"132","year 2 semester 2",3,"2 hours","male",2.7,"no",2,"2",4
"132","year 3 semester 1",3.3,"2 hours","male",2.7,"no",3,"1",5
"132","year 3 semester 2",3.7,"2 hours","male",2.7,"no",3,"2",6
"133","year 1 semester 1",2.5,"2 hours","male",2,"no",1,"1",1
"133","year 1 semester 2",2.8,"2 hours","male",2,"no",1,"2",2
"133","year 2 semester 1",2.3,"2 hours","male",2,"no",2,"1",3
"133","year 2 semester 2",2.1,"2 hours","male",2,"no",2,"2",4
"133","year 3 semester 1",2.3,"2 hours","male",2,"no",3,"1",5
"133","year 3 semester 2",2.5,"2 hours","male",2,"no",3,"2",6
"134","year 1 semester 1",2.5,"2 hours","female",2.8,"yes",1,"1",1
"134","year 1 semester 2",3.1,"2 hours","female",2.8,"yes",1,"2",2
"134","year 2 semester 1",2.8,"2 hours","female",2.8,"yes",2,"1",3
"134","year 2 semester 2",2.8,"2 hours","female",2.8,"yes",2,"2",4
"134","year 3 semester 1",2.9,"3 hours","female",2.8,"yes",3,"1",5
"134","year 3 semester 2",3.2,"2 hours","female",2.8,"yes",3,"2",6
"135","year 1 semester 1",3,"2 hours","female",2.3,NA,1,"1",1
"135","year 1 semester 2",2.7,"3 hours","female",2.3,NA,1,"2",2
"135","year 2 semester 1",3,"2 hours","female",2.3,NA,2,"1",3
"135","year 2 semester 2",3.1,"2 hours","female",2.3,NA,2,"2",4
"135","year 3 semester 1",3,"2 hours","female",2.3,NA,3,"1",5
"135","year 3 semester 2",3,"2 hours","female",2.3,NA,3,"2",6
"136","year 1 semester 1",2.8,"2 hours","female",2,"yes",1,"1",1
"136","year 1 semester 2",2.5,"2 hours","female",2,"yes",1,"2",2
"136","year 2 semester 1",2.8,"3 hours","female",2,"yes",2,"1",3
"136","year 2 semester 2",2.4,"2 hours","female",2,"yes",2,"2",4
"136","year 3 semester 1",2.8,"2 hours","female",2,"yes",3,"1",5
"136","year 3 semester 2",2.7,"3 hours","female",2,"yes",3,"2",6
"137","year 1 semester 1",2.8,"2 hours","male",2,"yes",1,"1",1
"137","year 1 semester 2",2.1,"2 hours","male",2,"yes",1,"2",2
"137","year 2 semester 1",2.7,"2 hours","male",2,"yes",2,"1",3
"137","year 2 semester 2",2.8,"2 hours","male",2,"yes",2,"2",4
"137","year 3 semester 1",3.1,"2 hours","male",2,"yes",3,"1",5
"137","year 3 semester 2",3,"2 hours","male",2,"yes",3,"2",6
"138","year 1 semester 1",2.5,"2 hours","female",3.3,"yes",1,"1",1
"138","year 1 semester 2",2.8,"2 hours","female",3.3,"yes",1,"2",2
"138","year 2 semester 1",2.7,"2 hours","female",3.3,"yes",2,"1",3
"138","year 2 semester 2",2.7,"2 hours","female",3.3,"yes",2,"2",4
"138","year 3 semester 1",2.9,"2 hours","female",3.3,"yes",3,"1",5
"138","year 3 semester 2",3.1,"2 hours","female",3.3,"yes",3,"2",6
"139","year 1 semester 1",2.5,"2 hours","female",3.9,NA,1,"1",1
"139","year 1 semester 2",3.1,"2 hours","female",3.9,NA,1,"2",2
"139","year 2 semester 1",3,"2 hours","female",3.9,NA,2,"1",3
"139","year 2 semester 2",3.3,"2 hours","female",3.9,NA,2,"2",4
"139","year 3 semester 1",3.3,"1 hour","female",3.9,NA,3,"1",5
"139","year 3 semester 2",3.4,"2 hours","female",3.9,NA,3,"2",6
"140","year 1 semester 1",2.5,"2 hours","male",2.8,"no",1,"1",1
"140","year 1 semester 2",2.9,"2 hours","male",2.8,"no",1,"2",2
"140","year 2 semester 1",2.6,"2 hours","male",2.8,"no",2,"1",3
"140","year 2 semester 2",2.6,"2 hours","male",2.8,"no",2,"2",4
"140","year 3 semester 1",2.9,"2 hours","male",2.8,"no",3,"1",5
"140","year 3 semester 2",2.8,"3 hours","male",2.8,"no",3,"2",6
"141","year 1 semester 1",2.7,"2 hours","female",2.1,NA,1,"1",1
"141","year 1 semester 2",3.1,"2 hours","female",2.1,NA,1,"2",2
"141","year 2 semester 1",3.1,"2 hours","female",2.1,NA,2,"1",3
"141","year 2 semester 2",3.1,"2 hours","female",2.1,NA,2,"2",4
"141","year 3 semester 1",3.4,"2 hours","female",2.1,NA,3,"1",5
"141","year 3 semester 2",3.1,"2 hours","female",2.1,NA,3,"2",6
"142","year 1 semester 1",2.8,"2 hours","female",2.9,"yes",1,"1",1
"142","year 1 semester 2",2.9,"3 hours","female",2.9,"yes",1,"2",2
"142","year 2 semester 1",3.1,"2 hours","female",2.9,"yes",2,"1",3
"142","year 2 semester 2",3,"2 hours","female",2.9,"yes",2,"2",4
"142","year 3 semester 1",3.1,"2 hours","female",2.9,"yes",3,"1",5
"142","year 3 semester 2",2.9,"3 hours","female",2.9,"yes",3,"2",6
"143","year 1 semester 1",2.9,"3 hours","female",3.1,NA,1,"1",1
"143","year 1 semester 2",2.7,"3 hours","female",3.1,NA,1,"2",2
"143","year 2 semester 1",2.4,"2 hours","female",3.1,NA,2,"1",3
"143","year 2 semester 2",2.9,"2 hours","female",3.1,NA,2,"2",4
"143","year 3 semester 1",3,"2 hours","female",3.1,NA,3,"1",5
"143","year 3 semester 2",3,"1 hour","female",3.1,NA,3,"2",6
"144","year 1 semester 1",2.5,"2 hours","female",3.6,"yes",1,"1",1
"144","year 1 semester 2",3,"2 hours","female",3.6,"yes",1,"2",2
"144","year 2 semester 1",2.9,"2 hours","female",3.6,"yes",2,"1",3
"144","year 2 semester 2",3,"2 hours","female",3.6,"yes",2,"2",4
"144","year 3 semester 1",3,"2 hours","female",3.6,"yes",3,"1",5
"144","year 3 semester 2",3.4,"2 hours","female",3.6,"yes",3,"2",6
"145","year 1 semester 1",2.4,"2 hours","female",2.8,"no",1,"1",1
"145","year 1 semester 2",2.5,"2 hours","female",2.8,"no",1,"2",2
"145","year 2 semester 1",2.8,"2 hours","female",2.8,"no",2,"1",3
"145","year 2 semester 2",2.9,"3 hours","female",2.8,"no",2,"2",4
"145","year 3 semester 1",2.9,"3 hours","female",2.8,"no",3,"1",5
"145","year 3 semester 2",3.2,"2 hours","female",2.8,"no",3,"2",6
"146","year 1 semester 1",2.6,"3 hours","female",3.4,"no",1,"1",1
"146","year 1 semester 2",2.4,"2 hours","female",3.4,"no",1,"2",2
"146","year 2 semester 1",2.3,"2 hours","female",3.4,"no",2,"1",3
"146","year 2 semester 2",2.5,"2 hours","female",3.4,"no",2,"2",4
"146","year 3 semester 1",2.5,"2 hours","female",3.4,"no",3,"1",5
"146","year 3 semester 2",2.9,"3 hours","female",3.4,"no",3,"2",6
"147","year 1 semester 1",2.6,"2 hours","male",3.4,NA,1,"1",1
"147","year 1 semester 2",2.9,"2 hours","male",3.4,NA,1,"2",2
"147","year 2 semester 1",3.4,"2 hours","male",3.4,NA,2,"1",3
"147","year 2 semester 2",3.5,"2 hours","male",3.4,NA,2,"2",4
"147","year 3 semester 1",3.6,"2 hours","male",3.4,NA,3,"1",5
"147","year 3 semester 2",3.9,"1 hour","male",3.4,NA,3,"2",6
"148","year 1 semester 1",2.5,"2 hours","male",3.1,"no",1,"1",1
"148","year 1 semester 2",3,"2 hours","male",3.1,"no",1,"2",2
"148","year 2 semester 1",2.5,"2 hours","male",3.1,"no",2,"1",3
"148","year 2 semester 2",2.6,"2 hours","male",3.1,"no",2,"2",4
"148","year 3 semester 1",2.8,"3 hours","male",3.1,"no",3,"1",5
"148","year 3 semester 2",2.8,"3 hours","male",3.1,"no",3,"2",6
"149","year 1 semester 1",2.7,"3 hours","female",2.4,"no",1,"1",1
"149","year 1 semester 2",2.7,"2 hours","female",2.4,"no",1,"2",2
"149","year 2 semester 1",2.4,"2 hours","female",2.4,"no",2,"1",3
"149","year 2 semester 2",2.9,"2 hours","female",2.4,"no",2,"2",4
"149","year 3 semester 1",3,"1 hour","female",2.4,"no",3,"1",5
"149","year 3 semester 2",3.1,"2 hours","female",2.4,"no",3,"2",6
"150","year 1 semester 1",2.7,"2 hours","male",2.7,"no",1,"1",1
"150","year 1 semester 2",2.8,"3 hours","male",2.7,"no",1,"2",2
"150","year 2 semester 1",2.4,"2 hours","male",2.7,"no",2,"1",3
"150","year 2 semester 2",2.4,"2 hours","male",2.7,"no",2,"2",4
"150","year 3 semester 1",2.6,"3 hours","male",2.7,"no",3,"1",5
"150","year 3 semester 2",2.7,"3 hours","male",2.7,"no",3,"2",6
"151","year 1 semester 1",2.4,"2 hours","female",2.2,"no",1,"1",1
"151","year 1 semester 2",2.5,"2 hours","female",2.2,"no",1,"2",2
"151","year 2 semester 1",2.5,"2 hours","female",2.2,"no",2,"1",3
"151","year 2 semester 2",2.9,"2 hours","female",2.2,"no",2,"2",4
"151","year 3 semester 1",2.7,"2 hours","female",2.2,"no",3,"1",5
"151","year 3 semester 2",2.9,"2 hours","female",2.2,"no",3,"2",6
"152","year 1 semester 1",2.4,"2 hours","male",3.8,"yes",1,"1",1
"152","year 1 semester 2",2.9,"2 hours","male",3.8,"yes",1,"2",2
"152","year 2 semester 1",2.7,"3 hours","male",3.8,"yes",2,"1",3
"152","year 2 semester 2",2.7,"3 hours","male",3.8,"yes",2,"2",4
"152","year 3 semester 1",2.8,"2 hours","male",3.8,"yes",3,"1",5
"152","year 3 semester 2",2.9,"2 hours","male",3.8,"yes",3,"2",6
"153","year 1 semester 1",2.5,"2 hours","female",2.5,"no",1,"1",1
"153","year 1 semester 2",3,"2 hours","female",2.5,"no",1,"2",2
"153","year 2 semester 1",2.7,"2 hours","female",2.5,"no",2,"1",3
"153","year 2 semester 2",2.8,"2 hours","female",2.5,"no",2,"2",4
"153","year 3 semester 1",3,"2 hours","female",2.5,"no",3,"1",5
"153","year 3 semester 2",3,"2 hours","female",2.5,"no",3,"2",6
"154","year 1 semester 1",2.6,"2 hours","male",2.9,NA,1,"1",1
"154","year 1 semester 2",2.7,"2 hours","male",2.9,NA,1,"2",2
"154","year 2 semester 1",3.2,"2 hours","male",2.9,NA,2,"1",3
"154","year 2 semester 2",3.3,"2 hours","male",2.9,NA,2,"2",4
"154","year 3 semester 1",3.4,"2 hours","male",2.9,NA,3,"1",5
"154","year 3 semester 2",3.5,"1 hour","male",2.9,NA,3,"2",6
"155","year 1 semester 1",2.7,"2 hours","male",2.9,"no",1,"1",1
"155","year 1 semester 2",3.1,"2 hours","male",2.9,"no",1,"2",2
"155","year 2 semester 1",2.5,"2 hours","male",2.9,"no",2,"1",3
"155","year 2 semester 2",2.7,"2 hours","male",2.9,"no",2,"2",4
"155","year 3 semester 1",2.7,"3 hours","male",2.9,"no",3,"1",5
"155","year 3 semester 2",2.9,"3 hours","male",2.9,"no",3,"2",6
"156","year 1 semester 1",2.6,"2 hours","male",3.9,"no",1,"1",1
"156","year 1 semester 2",2.7,"2 hours","male",3.9,"no",1,"2",2
"156","year 2 semester 1",2.7,"2 hours","male",3.9,"no",2,"1",3
"156","year 2 semester 2",3,"2 hours","male",3.9,"no",2,"2",4
"156","year 3 semester 1",2.8,"2 hours","male",3.9,"no",3,"1",5
"156","year 3 semester 2",2.8,"3 hours","male",3.9,"no",3,"2",6
"157","year 1 semester 1",3.3,"2 hours","female",2.1,NA,1,"1",1
"157","year 1 semester 2",3,"2 hours","female",2.1,NA,1,"2",2
"157","year 2 semester 1",3.1,"2 hours","female",2.1,NA,2,"1",3
"157","year 2 semester 2",3.3,"2 hours","female",2.1,NA,2,"2",4
"157","year 3 semester 1",3.4,"2 hours","female",2.1,NA,3,"1",5
"157","year 3 semester 2",3.4,"2 hours","female",2.1,NA,3,"2",6
"158","year 1 semester 1",3,"2 hours","female",2.6,"no",1,"1",1
"158","year 1 semester 2",2.8,"2 hours","female",2.6,"no",1,"2",2
"158","year 2 semester 1",2.9,"2 hours","female",2.6,"no",2,"1",3
"158","year 2 semester 2",2.7,"2 hours","female",2.6,"no",2,"2",4
"158","year 3 semester 1",2.8,"2 hours","female",2.6,"no",3,"1",5
"158","year 3 semester 2",2.8,"3 hours","female",2.6,"no",3,"2",6
"159","year 1 semester 1",3,"2 hours","female",3.1,NA,1,"1",1
"159","year 1 semester 2",3,"2 hours","female",3.1,NA,1,"2",2
"159","year 2 semester 1",3.1,"2 hours","female",3.1,NA,2,"1",3
"159","year 2 semester 2",3.4,"2 hours","female",3.1,NA,2,"2",4
"159","year 3 semester 1",3.8,"2 hours","female",3.1,NA,3,"1",5
"159","year 3 semester 2",4,"1 hour","female",3.1,NA,3,"2",6
"160","year 1 semester 1",2.9,"2 hours","female",3.4,NA,1,"1",1
"160","year 1 semester 2",2.7,"2 hours","female",3.4,NA,1,"2",2
"160","year 2 semester 1",3.2,"2 hours","female",3.4,NA,2,"1",3
"160","year 2 semester 2",3.4,"2 hours","female",3.4,NA,2,"2",4
"160","year 3 semester 1",3.7,"2 hours","female",3.4,NA,3,"1",5
"160","year 3 semester 2",3.8,"2 hours","female",3.4,NA,3,"2",6
"161","year 1 semester 1",2.6,"2 hours","male",3.1,"yes",1,"1",1
"161","year 1 semester 2",2.5,"2 hours","male",3.1,"yes",1,"2",2
"161","year 2 semester 1",2.7,"3 hours","male",3.1,"yes",2,"1",3
"161","year 2 semester 2",2.8,"2 hours","male",3.1,"yes",2,"2",4
"161","year 3 semester 1",2.8,"3 hours","male",3.1,"yes",3,"1",5
"161","year 3 semester 2",3.1,"2 hours","male",3.1,"yes",3,"2",6
"162","year 1 semester 1",1.7,"3 hours","female",2.7,"no",1,"1",1
"162","year 1 semester 2",2.5,"2 hours","female",2.7,"no",1,"2",2
"162","year 2 semester 1",2.2,"2 hours","female",2.7,"no",2,"1",3
"162","year 2 semester 2",2.7,"2 hours","female",2.7,"no",2,"2",4
"162","year 3 semester 1",2.6,"3 hours","female",2.7,"no",3,"1",5
"162","year 3 semester 2",2.5,"2 hours","female",2.7,"no",3,"2",6
"163","year 1 semester 1",2.2,"3 hours","female",3,NA,1,"1",1
"163","year 1 semester 2",2.5,"3 hours","female",3,NA,1,"2",2
"163","year 2 semester 1",2.9,"2 hours","female",3,NA,2,"1",3
"163","year 2 semester 2",2.9,"2 hours","female",3,NA,2,"2",4
"163","year 3 semester 1",3.2,"1 hour","female",3,NA,3,"1",5
"163","year 3 semester 2",3.2,"2 hours","female",3,NA,3,"2",6
"164","year 1 semester 1",2.5,"3 hours","male",2.5,NA,1,"1",1
"164","year 1 semester 2",2.4,"3 hours","male",2.5,NA,1,"2",2
"164","year 2 semester 1",2.6,"2 hours","male",2.5,NA,2,"1",3
"164","year 2 semester 2",2.8,"2 hours","male",2.5,NA,2,"2",4
"164","year 3 semester 1",2.8,"2 hours","male",2.5,NA,3,"1",5
"164","year 3 semester 2",3.3,"2 hours","male",2.5,NA,3,"2",6
"165","year 1 semester 1",2.8,"2 hours","female",3.8,"no",1,"1",1
"165","year 1 semester 2",2.7,"2 hours","female",3.8,"no",1,"2",2
"165","year 2 semester 1",2.9,"3 hours","female",3.8,"no",2,"1",3
"165","year 2 semester 2",2.9,"2 hours","female",3.8,"no",2,"2",4
"165","year 3 semester 1",2.9,"2 hours","female",3.8,"no",3,"1",5
"165","year 3 semester 2",2.9,"2 hours","female",3.8,"no",3,"2",6
"166","year 1 semester 1",3,"2 hours","female",2.5,NA,1,"1",1
"166","year 1 semester 2",2.5,"2 hours","female",2.5,NA,1,"2",2
"166","year 2 semester 1",3.2,"2 hours","female",2.5,NA,2,"1",3
"166","year 2 semester 2",3.2,"2 hours","female",2.5,NA,2,"2",4
"166","year 3 semester 1",3.2,"2 hours","female",2.5,NA,3,"1",5
"166","year 3 semester 2",3.4,"2 hours","female",2.5,NA,3,"2",6
"167","year 1 semester 1",2.7,"2 hours","male",2.8,"yes",1,"1",1
"167","year 1 semester 2",2.9,"3 hours","male",2.8,"yes",1,"2",2
"167","year 2 semester 1",3.1,"1 hour","male",2.8,"yes",2,"1",3
"167","year 2 semester 2",2.8,"3 hours","male",2.8,"yes",2,"2",4
"167","year 3 semester 1",3.6,"1 hour","male",2.8,"yes",3,"1",5
"167","year 3 semester 2",3.5,"2 hours","male",2.8,"yes",3,"2",6
"168","year 1 semester 1",2.9,"2 hours","male",3.2,NA,1,"1",1
"168","year 1 semester 2",2.9,"2 hours","male",3.2,NA,1,"2",2
"168","year 2 semester 1",3,"2 hours","male",3.2,NA,2,"1",3
"168","year 2 semester 2",3.3,"2 hours","male",3.2,NA,2,"2",4
"168","year 3 semester 1",3.4,"2 hours","male",3.2,NA,3,"1",5
"168","year 3 semester 2",3.5,"2 hours","male",3.2,NA,3,"2",6
"169","year 1 semester 1",2.9,"2 hours","male",3.9,NA,1,"1",1
"169","year 1 semester 2",2.7,"2 hours","male",3.9,NA,1,"2",2
"169","year 2 semester 1",3,"2 hours","male",3.9,NA,2,"1",3
"169","year 2 semester 2",3.2,"2 hours","male",3.9,NA,2,"2",4
"169","year 3 semester 1",3.6,"2 hours","male",3.9,NA,3,"1",5
"169","year 3 semester 2",3.6,"2 hours","male",3.9,NA,3,"2",6
"170","year 1 semester 1",2.4,"2 hours","male",2,"yes",1,"1",1
"170","year 1 semester 2",3.1,"2 hours","male",2,"yes",1,"2",2
"170","year 2 semester 1",3.2,"1 hour","male",2,"yes",2,"1",3
"170","year 2 semester 2",3.7,"2 hours","male",2,"yes",2,"2",4
"170","year 3 semester 1",3.6,"2 hours","male",2,"yes",3,"1",5
"170","year 3 semester 2",3.9,"2 hours","male",2,"yes",3,"2",6
"171","year 1 semester 1",2.3,"2 hours","male",2.7,"no",1,"1",1
"171","year 1 semester 2",2.4,"2 hours","male",2.7,"no",1,"2",2
"171","year 2 semester 1",2.7,"2 hours","male",2.7,"no",2,"1",3
"171","year 2 semester 2",2.7,"3 hours","male",2.7,"no",2,"2",4
"171","year 3 semester 1",2.5,"2 hours","male",2.7,"no",3,"1",5
"171","year 3 semester 2",2.6,"3 hours","male",2.7,"no",3,"2",6
"172","year 1 semester 1",2.7,"2 hours","female",3.4,"yes",1,"1",1
"172","year 1 semester 2",2.8,"3 hours","female",3.4,"yes",1,"2",2
"172","year 2 semester 1",3,"2 hours","female",3.4,"yes",2,"1",3
"172","year 2 semester 2",2.4,"2 hours","female",3.4,"yes",2,"2",4
"172","year 3 semester 1",2.8,"2 hours","female",3.4,"yes",3,"1",5
"172","year 3 semester 2",3.2,"2 hours","female",3.4,"yes",3,"2",6
"173","year 1 semester 1",2.2,"2 hours","female",3.7,"yes",1,"1",1
"173","year 1 semester 2",3.1,"2 hours","female",3.7,"yes",1,"2",2
"173","year 2 semester 1",3,"2 hours","female",3.7,"yes",2,"1",3
"173","year 2 semester 2",3.4,"2 hours","female",3.7,"yes",2,"2",4
"173","year 3 semester 1",3.7,"2 hours","female",3.7,"yes",3,"1",5
"173","year 3 semester 2",3.6,"2 hours","female",3.7,"yes",3,"2",6
"174","year 1 semester 1",2.8,"2 hours","female",3.2,NA,1,"1",1
"174","year 1 semester 2",2.7,"2 hours","female",3.2,NA,1,"2",2
"174","year 2 semester 1",2.9,"3 hours","female",3.2,NA,2,"1",3
"174","year 2 semester 2",3.2,"2 hours","female",3.2,NA,2,"2",4
"174","year 3 semester 1",3,"1 hour","female",3.2,NA,3,"1",5
"174","year 3 semester 2",3.4,"2 hours","female",3.2,NA,3,"2",6
"175","year 1 semester 1",2.3,"2 hours","male",3.7,NA,1,"1",1
"175","year 1 semester 2",2.9,"2 hours","male",3.7,NA,1,"2",2
"175","year 2 semester 1",3.1,"2 hours","male",3.7,NA,2,"1",3
"175","year 2 semester 2",2.8,"2 hours","male",3.7,NA,2,"2",4
"175","year 3 semester 1",3.4,"1 hour","male",3.7,NA,3,"1",5
"175","year 3 semester 2",3.3,"1 hour","male",3.7,NA,3,"2",6
"176","year 1 semester 1",2.9,"2 hours","male",3.7,"no",1,"1",1
"176","year 1 semester 2",2.7,"2 hours","male",3.7,"no",1,"2",2
"176","year 2 semester 1",2.8,"2 hours","male",3.7,"no",2,"1",3
"176","year 2 semester 2",2.7,"2 hours","male",3.7,"no",2,"2",4
"176","year 3 semester 1",2.6,"2 hours","male",3.7,"no",3,"1",5
"176","year 3 semester 2",2.9,"3 hours","male",3.7,"no",3,"2",6
"177","year 1 semester 1",2.9,"2 hours","male",3.9,NA,1,"1",1
"177","year 1 semester 2",3,"2 hours","male",3.9,NA,1,"2",2
"177","year 2 semester 1",3.1,"1 hour","male",3.9,NA,2,"1",3
"177","year 2 semester 2",2.8,"2 hours","male",3.9,NA,2,"2",4
"177","year 3 semester 1",3.3,"2 hours","male",3.9,NA,3,"1",5
"177","year 3 semester 2",3.4,"1 hour","male",3.9,NA,3,"2",6
"178","year 1 semester 1",2.8,"2 hours","male",3.5,"yes",1,"1",1
"178","year 1 semester 2",2.9,"2 hours","male",3.5,"yes",1,"2",2
"178","year 2 semester 1",2.8,"2 hours","male",3.5,"yes",2,"1",3
"178","year 2 semester 2",3,"2 hours","male",3.5,"yes",2,"2",4
"178","year 3 semester 1",2.9,"2 hours","male",3.5,"yes",3,"1",5
"178","year 3 semester 2",2.9,"2 hours","male",3.5,"yes",3,"2",6
"179","year 1 semester 1",2.7,"3 hours","female",2.8,"yes",1,"1",1
"179","year 1 semester 2",3.4,"2 hours","female",2.8,"yes",1,"2",2
"179","year 2 semester 1",2.5,"2 hours","female",2.8,"yes",2,"1",3
"179","year 2 semester 2",2.8,"2 hours","female",2.8,"yes",2,"2",4
"179","year 3 semester 1",2.9,"3 hours","female",2.8,"yes",3,"1",5
"179","year 3 semester 2",3.2,"2 hours","female",2.8,"yes",3,"2",6
"180","year 1 semester 1",2.9,"2 hours","male",2.3,"no",1,"1",1
"180","year 1 semester 2",2.5,"2 hours","male",2.3,"no",1,"2",2
"180","year 2 semester 1",2.5,"3 hours","male",2.3,"no",2,"1",3
"180","year 2 semester 2",2.5,"2 hours","male",2.3,"no",2,"2",4
"180","year 3 semester 1",2.6,"3 hours","male",2.3,"no",3,"1",5
"180","year 3 semester 2",2.6,"2 hours","male",2.3,"no",3,"2",6
"181","year 1 semester 1",2.3,"2 hours","male",3.2,"yes",1,"1",1
"181","year 1 semester 2",2.4,"2 hours","male",3.2,"yes",1,"2",2
"181","year 2 semester 1",2.2,"2 hours","male",3.2,"yes",2,"1",3
"181","year 2 semester 2",2.6,"3 hours","male",3.2,"yes",2,"2",4
"181","year 3 semester 1",2.6,"3 hours","male",3.2,"yes",3,"1",5
"181","year 3 semester 2",2.7,"2 hours","male",3.2,"yes",3,"2",6
"182","year 1 semester 1",2.7,"2 hours","female",3.7,"yes",1,"1",1
"182","year 1 semester 2",3.2,"2 hours","female",3.7,"yes",1,"2",2
"182","year 2 semester 1",3.1,"2 hours","female",3.7,"yes",2,"1",3
"182","year 2 semester 2",3.1,"1 hour","female",3.7,"yes",2,"2",4
"182","year 3 semester 1",3.3,"2 hours","female",3.7,"yes",3,"1",5
"182","year 3 semester 2",3.3,"2 hours","female",3.7,"yes",3,"2",6
"183","year 1 semester 1",2.7,"2 hours","male",3,"no",1,"1",1
"183","year 1 semester 2",2.5,"3 hours","male",3,"no",1,"2",2
"183","year 2 semester 1",2.7,"2 hours","male",3,"no",2,"1",3
"183","year 2 semester 2",2.3,"2 hours","male",3,"no",2,"2",4
"183","year 3 semester 1",2.6,"2 hours","male",3,"no",3,"1",5
"183","year 3 semester 2",2.6,"2 hours","male",3,"no",3,"2",6
"184","year 1 semester 1",2.3,"3 hours","female",4,NA,1,"1",1
"184","year 1 semester 2",2.8,"2 hours","female",4,NA,1,"2",2
"184","year 2 semester 1",2.8,"2 hours","female",4,NA,2,"1",3
"184","year 2 semester 2",3,"2 hours","female",4,NA,2,"2",4
"184","year 3 semester 1",3.1,"1 hour","female",4,NA,3,"1",5
"184","year 3 semester 2",3.3,"2 hours","female",4,NA,3,"2",6
"185","year 1 semester 1",2.6,"3 hours","female",3.7,"yes",1,"1",1
"185","year 1 semester 2",3.1,"2 hours","female",3.7,"yes",1,"2",2
"185","year 2 semester 1",3,"2 hours","female",3.7,"yes",2,"1",3
"185","year 2 semester 2",3,"2 hours","female",3.7,"yes",2,"2",4
"185","year 3 semester 1",3.2,"2 hours","female",3.7,"yes",3,"1",5
"185","year 3 semester 2",2.9,"3 hours","female",3.7,"yes",3,"2",6
"186","year 1 semester 1",2.2,"2 hours","female",3.4,"yes",1,"1",1
"186","year 1 semester 2",2.4,"3 hours","female",3.4,"yes",1,"2",2
"186","year 2 semester 1",3,"2 hours","female",3.4,"yes",2,"1",3
"186","year 2 semester 2",2.9,"2 hours","female",3.4,"yes",2,"2",4
"186","year 3 semester 1",3.2,"2 hours","female",3.4,"yes",3,"1",5
"186","year 3 semester 2",3.1,"2 hours","female",3.4,"yes",3,"2",6
"187","year 1 semester 1",2.4,"2 hours","female",2.2,"yes",1,"1",1
"187","year 1 semester 2",2.2,"2 hours","female",2.2,"yes",1,"2",2
"187","year 2 semester 1",2.1,"2 hours","female",2.2,"yes",2,"1",3
"187","year 2 semester 2",2.4,"2 hours","female",2.2,"yes",2,"2",4
"187","year 3 semester 1",2.8,"3 hours","female",2.2,"yes",3,"1",5
"187","year 3 semester 2",2.8,"3 hours","female",2.2,"yes",3,"2",6
"188","year 1 semester 1",2.3,"2 hours","female",2.1,"yes",1,"1",1
"188","year 1 semester 2",2.7,"2 hours","female",2.1,"yes",1,"2",2
"188","year 2 semester 1",3.3,"2 hours","female",2.1,"yes",2,"1",3
"188","year 2 semester 2",3.2,"2 hours","female",2.1,"yes",2,"2",4
"188","year 3 semester 1",3.1,"2 hours","female",2.1,"yes",3,"1",5
"188","year 3 semester 2",3.6,"2 hours","female",2.1,"yes",3,"2",6
"189","year 1 semester 1",3.3,"2 hours","male",2.6,NA,1,"1",1
"189","year 1 semester 2",3.3,"2 hours","male",2.6,NA,1,"2",2
"189","year 2 semester 1",2.8,"3 hours","male",2.6,NA,2,"1",3
"189","year 2 semester 2",3,"2 hours","male",2.6,NA,2,"2",4
"189","year 3 semester 1",3.1,"2 hours","male",2.6,NA,3,"1",5
"189","year 3 semester 2",3.1,"2 hours","male",2.6,NA,3,"2",6
"190","year 1 semester 1",1.7,"3 hours","male",3.9,"no",1,"1",1
"190","year 1 semester 2",2.3,"2 hours","male",3.9,"no",1,"2",2
"190","year 2 semester 1",2.7,"2 hours","male",3.9,"no",2,"1",3
"190","year 2 semester 2",2.5,"2 hours","male",3.9,"no",2,"2",4
"190","year 3 semester 1",2.6,"2 hours","male",3.9,"no",3,"1",5
"190","year 3 semester 2",2.8,"3 hours","male",3.9,"no",3,"2",6
"191","year 1 semester 1",2.4,"2 hours","female",2,"yes",1,"1",1
"191","year 1 semester 2",2.8,"2 hours","female",2,"yes",1,"2",2
"191","year 2 semester 1",2.8,"2 hours","female",2,"yes",2,"1",3
"191","year 2 semester 2",3,"2 hours","female",2,"yes",2,"2",4
"191","year 3 semester 1",3.1,"2 hours","female",2,"yes",3,"1",5
"191","year 3 semester 2",2.9,"3 hours","female",2,"yes",3,"2",6
"192","year 1 semester 1",2.9,"2 hours","female",2.9,"yes",1,"1",1
"192","year 1 semester 2",3,"2 hours","female",2.9,"yes",1,"2",2
"192","year 2 semester 1",2.4,"2 hours","female",2.9,"yes",2,"1",3
"192","year 2 semester 2",2.9,"2 hours","female",2.9,"yes",2,"2",4
"192","year 3 semester 1",2.8,"2 hours","female",2.9,"yes",3,"1",5
"192","year 3 semester 2",2.9,"2 hours","female",2.9,"yes",3,"2",6
"193","year 1 semester 1",3.1,"2 hours","male",3,NA,1,"1",1
"193","year 1 semester 2",2.8,"3 hours","male",3,NA,1,"2",2
"193","year 2 semester 1",2.7,"2 hours","male",3,NA,2,"1",3
"193","year 2 semester 2",2.7,"3 hours","male",3,NA,2,"2",4
"193","year 3 semester 1",2.9,"2 hours","male",3,NA,3,"1",5
"193","year 3 semester 2",3.3,"2 hours","male",3,NA,3,"2",6
"194","year 1 semester 1",2.4,"2 hours","male",2.2,"no",1,"1",1
"194","year 1 semester 2",2.4,"3 hours","male",2.2,"no",1,"2",2
"194","year 2 semester 1",2.6,"3 hours","male",2.2,"no",2,"1",3
"194","year 2 semester 2",3.1,"2 hours","male",2.2,"no",2,"2",4
"194","year 3 semester 1",3.4,"2 hours","male",2.2,"no",3,"1",5
"194","year 3 semester 2",3.3,"2 hours","male",2.2,"no",3,"2",6
"195","year 1 semester 1",2.4,"2 hours","male",2.5,"no",1,"1",1
"195","year 1 semester 2",2.7,"2 hours","male",2.5,"no",1,"2",2
"195","year 2 semester 1",2.2,"3 hours","male",2.5,"no",2,"1",3
"195","year 2 semester 2",2.2,"2 hours","male",2.5,"no",2,"2",4
"195","year 3 semester 1",2.4,"2 hours","male",2.5,"no",3,"1",5
"195","year 3 semester 2",2.5,"2 hours","male",2.5,"no",3,"2",6
"196","year 1 semester 1",2.2,"2 hours","female",3.5,NA,1,"1",1
"196","year 1 semester 2",2.5,"2 hours","female",3.5,NA,1,"2",2
"196","year 2 semester 1",2.7,"2 hours","female",3.5,NA,2,"1",3
"196","year 2 semester 2",3.1,"2 hours","female",3.5,NA,2,"2",4
"196","year 3 semester 1",3.3,"2 hours","female",3.5,NA,3,"1",5
"196","year 3 semester 2",3.2,"2 hours","female",3.5,NA,3,"2",6
"197","year 1 semester 1",2.9,"2 hours","female",2.1,NA,1,"1",1
"197","year 1 semester 2",2.5,"2 hours","female",2.1,NA,1,"2",2
"197","year 2 semester 1",2.8,"3 hours","female",2.1,NA,2,"1",3
"197","year 2 semester 2",3.2,"2 hours","female",2.1,NA,2,"2",4
"197","year 3 semester 1",3.3,"2 hours","female",2.1,NA,3,"1",5
"197","year 3 semester 2",3.8,"2 hours","female",2.1,NA,3,"2",6
"198","year 1 semester 1",2.5,"2 hours","male",4,NA,1,"1",1
"198","year 1 semester 2",2.9,"2 hours","male",4,NA,1,"2",2
"198","year 2 semester 1",3,"2 hours","male",4,NA,2,"1",3
"198","year 2 semester 2",3.2,"2 hours","male",4,NA,2,"2",4
"198","year 3 semester 1",3.3,"1 hour","male",4,NA,3,"1",5
"198","year 3 semester 2",3.4,"2 hours","male",4,NA,3,"2",6
"199","year 1 semester 1",2.6,"2 hours","female",2.3,"yes",1,"1",1
"199","year 1 semester 2",2.3,"2 hours","female",2.3,"yes",1,"2",2
"199","year 2 semester 1",2.7,"3 hours","female",2.3,"yes",2,"1",3
"199","year 2 semester 2",2.7,"2 hours","female",2.3,"yes",2,"2",4
"199","year 3 semester 1",2.8,"2 hours","female",2.3,"yes",3,"1",5
"199","year 3 semester 2",2.8,"3 hours","female",2.3,"yes",3,"2",6
"200","year 1 semester 1",2.8,"2 hours","male",3.4,NA,1,"1",1
"200","year 1 semester 2",3.2,"2 hours","male",3.4,NA,1,"2",2
"200","year 2 semester 1",3.4,"2 hours","male",3.4,NA,2,"1",3
"200","year 2 semester 2",3.5,"2 hours","male",3.4,NA,2,"2",4
"200","year 3 semester 1",3.3,"1 hour","male",3.4,NA,3,"1",5
"200","year 3 semester 2",3.4,"1 hour","male",3.4,NA,3,"2",6
